original_image,npz_path,csv_path,data_type,num_samples,status,MAV,RMS,ZC,SSC,VAR,DASDV,AAC,Skew,Kurt,class
ECG Dataset\Abnormal heartbeat\HB_(1).png,final_check_output\npz_data\extended_lead_II_data\Abnormal heartbeat\HB_(1)_extended_leadII.npz,final_check_output\csv_data\extended_lead_II_csv\Abnormal heartbeat\HB_(1).csv,extended_lead_II,510,success,1.6509803921568618,2.6403109343532556,77,218,6.9712418300653605,2.4768079463582593,1.0599214145383105,2.689651071531042,8.659505144215515,Abnormal heartbeat
ECG Dataset\Abnormal heartbeat\HB_(10).png,final_check_output\npz_data\extended_lead_II_data\Abnormal heartbeat\HB_(10)_extended_leadII.npz,final_check_output\csv_data\extended_lead_II_csv\Abnormal heartbeat\HB_(10).csv,extended_lead_II,510,success,2.507973856209151,3.4631062032752324,43,218,11.993104575163398,2.9088983460111364,1.4086444007858545,1.171526081903715,3.358876571208577,Abnormal heartbeat
ECG Dataset\Abnormal heartbeat\HB_(100).png,final_check_output\npz_data\extended_lead_II_data\Abnormal heartbeat\HB_(100)_extended_leadII.npz,final_check_output\csv_data\extended_lead_II_csv\Abnormal heartbeat\HB_(100).csv,extended_lead_II,510,success,1.4823375624759716,2.3347820514962923,47,272,5.451207227989236,1.434215625254777,0.7210216110019646,-2.0400933932234477,3.583588525085357,Abnormal heartbeat
ECG Dataset\Abnormal heartbeat\HB_(101).png,final_check_output\npz_data\extended_lead_II_data\Abnormal heartbeat\HB_(101)_extended_leadII.npz,final_check_output\csv_data\extended_lead_II_csv\Abnormal heartbeat\HB_(101).csv,extended_lead_II,510,success,1.6538331410995768,2.235702792018804,92,231,4.998366974240677,1.8345087617279405,0.9764243614931237,1.3580016093062353,1.7382984802455557,Abnormal heartbeat
ECG Dataset\Abnormal heartbeat\HB_(102).png,final_check_output\npz_data\extended_lead_II_data\Abnormal heartbeat\HB_(102)_extended_leadII.npz,final_check_output\csv_data\extended_lead_II_csv\Abnormal heartbeat\HB_(102).csv,extended_lead_II,510,success,1.6912687427912336,2.34920884536777,71,221,5.518782199154172,1.7128028248165084,0.8536345776031434,1.450234999781577,2.9006361782363497,Abnormal heartbeat
ECG Dataset\Abnormal heartbeat\HB_(103).png,final_check_output\npz_data\extended_lead_II_data\Abnormal heartbeat\HB_(103)_extended_leadII.npz,final_check_output\csv_data\extended_lead_II_csv\Abnormal heartbeat\HB_(103).csv,extended_lead_II,510,success,1.3811918492887352,1.7752614592646574,60,244,3.15155324875048,1.0757187938207526,0.5638506876227898,0.5186246827366479,0.5497559763814319,Abnormal heartbeat
ECG Dataset\Abnormal heartbeat\HB_(104).png,final_check_output\npz_data\extended_lead_II_data\Abnormal heartbeat\HB_(104)_extended_leadII.npz,final_check_output\csv_data\extended_lead_II_csv\Abnormal heartbeat\HB_(104).csv,extended_lead_II,510,success,2.5015859284890425,3.7478062595255466,111,228,14.046051758938871,4.440365610887206,2.2347740667976423,1.6908829458554604,5.412864883360966,Abnormal heartbeat
ECG Dataset\Abnormal heartbeat\HB_(105).png,final_check_output\npz_data\extended_lead_II_data\Abnormal heartbeat\HB_(105)_extended_leadII.npz,final_check_output\csv_data\extended_lead_II_csv\Abnormal heartbeat\HB_(105).csv,extended_lead_II,510,success,1.7015570934256057,2.2021975760097368,78,207,4.849674163783161,1.7388431897404886,0.8722986247544204,1.3435842750142786,0.962433697401361,Abnormal heartbeat
ECG Dataset\Abnormal heartbeat\HB_(106).png,final_check_output\npz_data\extended_lead_II_data\Abnormal heartbeat\HB_(106)_extended_leadII.npz,final_check_output\csv_data\extended_lead_II_csv\Abnormal heartbeat\HB_(106).csv,extended_lead_II,510,success,1.7015570934256057,2.2021975760097368,78,207,4.849674163783161,1.7388431897404886,0.8722986247544204,1.3435842750142786,0.962433697401361,Abnormal heartbeat
ECG Dataset\Abnormal heartbeat\HB_(107).png,final_check_output\npz_data\extended_lead_II_data\Abnormal heartbeat\HB_(107)_extended_leadII.npz,final_check_output\csv_data\extended_lead_II_csv\Abnormal heartbeat\HB_(107).csv,extended_lead_II,510,success,1.949013840830449,2.9342528393282215,87,205,8.609839725105727,2.9686062032179157,1.3467583497053046,2.2400948661369435,6.861013417787968,Abnormal heartbeat
ECG Dataset\Abnormal heartbeat\HB_(108).png,final_check_output\npz_data\extended_lead_II_data\Abnormal heartbeat\HB_(108)_extended_leadII.npz,final_check_output\csv_data\extended_lead_II_csv\Abnormal heartbeat\HB_(108).csv,extended_lead_II,510,success,1.3527489427143395,3.6525139731042295,92,244,13.340858323721648,4.900633454102998,1.1699410609037328,8.412634102044807,77.42243013493643,Abnormal heartbeat
ECG Dataset\Abnormal heartbeat\HB_(109).png,final_check_output\npz_data\extended_lead_II_data\Abnormal heartbeat\HB_(109)_extended_leadII.npz,final_check_output\csv_data\extended_lead_II_csv\Abnormal heartbeat\HB_(109).csv,extended_lead_II,510,success,1.413275663206459,1.7320566343351496,117,245,3.0000201845444066,1.4251115835401362,0.918467583497053,0.38829786396661004,-0.5982350137423587,Abnormal heartbeat
ECG Dataset\Abnormal heartbeat\HB_(11).png,final_check_output\npz_data\extended_lead_II_data\Abnormal heartbeat\HB_(11)_extended_leadII.npz,final_check_output\csv_data\extended_lead_II_csv\Abnormal heartbeat\HB_(11).csv,extended_lead_II,510,success,0.8248442906574394,1.2991568554946615,67,248,1.6878085351787773,0.9665322942535187,0.444007858546169,-2.324108568534046,6.449742995895104,Abnormal heartbeat
ECG Dataset\Abnormal heartbeat\HB_(110).png,final_check_output\npz_data\extended_lead_II_data\Abnormal heartbeat\HB_(110)_extended_leadII.npz,final_check_output\csv_data\extended_lead_II_csv\Abnormal heartbeat\HB_(110).csv,extended_lead_II,510,success,1.6979008073817763,3.817528725116496,77,226,14.57352556708958,4.211384141237743,1.1100196463654224,5.125462572031947,50.87498359075424,Abnormal heartbeat
ECG Dataset\Abnormal heartbeat\HB_(111).png,final_check_output\npz_data\extended_lead_II_data\Abnormal heartbeat\HB_(111)_extended_leadII.npz,final_check_output\csv_data\extended_lead_II_csv\Abnormal heartbeat\HB_(111).csv,extended_lead_II,510,success,1.618116109188773,2.36368482654656,88,226,5.587005959246444,2.146180414895482,0.9960707269155207,2.183204634239734,5.4153924893667345,Abnormal heartbeat
ECG Dataset\Abnormal heartbeat\HB_(112).png,final_check_output\npz_data\extended_lead_II_data\Abnormal heartbeat\HB_(112)_extended_leadII.npz,final_check_output\csv_data\extended_lead_II_csv\Abnormal heartbeat\HB_(112).csv,extended_lead_II,510,success,1.1488465974625146,1.452915045675424,81,249,2.1109621299500194,1.18147122828332,0.6365422396856582,0.4690074649795333,0.10785992570554859,Abnormal heartbeat
ECG Dataset\Abnormal heartbeat\HB_(113).png,final_check_output\npz_data\extended_lead_II_data\Abnormal heartbeat\HB_(113)_extended_leadII.npz,final_check_output\csv_data\extended_lead_II_csv\Abnormal heartbeat\HB_(113).csv,extended_lead_II,510,success,3.5231833910034607,5.4420048830602,76,211,29.61541714725106,4.378629563754113,2.43713163064833,-1.9613080156261409,3.9754050225935265,Abnormal heartbeat
ECG Dataset\Abnormal heartbeat\HB_(114).png,final_check_output\npz_data\extended_lead_II_data\Abnormal heartbeat\HB_(114)_extended_leadII.npz,final_check_output\csv_data\extended_lead_II_csv\Abnormal heartbeat\HB_(114).csv,extended_lead_II,510,success,1.6593771626297573,2.0310252182431316,98,226,4.125063437139561,1.5845521452392528,0.9724950884086444,0.533572129057409,-0.4838909690784301,Abnormal heartbeat
ECG Dataset\Abnormal heartbeat\HB_(115).png,final_check_output\npz_data\extended_lead_II_data\Abnormal heartbeat\HB_(115)_extended_leadII.npz,final_check_output\csv_data\extended_lead_II_csv\Abnormal heartbeat\HB_(115).csv,extended_lead_II,510,success,3.0948096885813157,3.5063688141250875,40,225,12.294622260668973,2.2175403638324,1.1453831041257367,-0.18540092900824207,-1.0664561524582743,Abnormal heartbeat
ECG Dataset\Abnormal heartbeat\HB_(116).png,final_check_output\npz_data\extended_lead_II_data\Abnormal heartbeat\HB_(116)_extended_leadII.npz,final_check_output\csv_data\extended_lead_II_csv\Abnormal heartbeat\HB_(116).csv,extended_lead_II,510,success,2.394052287581699,3.169288206441054,50,226,10.044387735486353,1.8106593356737417,0.9420432220039293,0.7125737827270431,1.1411450636980591,Abnormal heartbeat
ECG Dataset\Abnormal heartbeat\HB_(117).png,final_check_output\npz_data\extended_lead_II_data\Abnormal heartbeat\HB_(117)_extended_leadII.npz,final_check_output\csv_data\extended_lead_II_csv\Abnormal heartbeat\HB_(117).csv,extended_lead_II,510,success,2.4978085351787787,2.8837331629360747,39,229,8.3159169550173,1.986076286974327,1.012770137524558,-0.08613066090962351,-0.8939244092916665,Abnormal heartbeat
ECG Dataset\Abnormal heartbeat\HB_(118).png,final_check_output\npz_data\extended_lead_II_data\Abnormal heartbeat\HB_(118)_extended_leadII.npz,final_check_output\csv_data\extended_lead_II_csv\Abnormal heartbeat\HB_(118).csv,extended_lead_II,510,success,2.8798000768935026,4.002168769993843,70,256,16.017354863514033,2.093469122437964,1.112966601178782,0.4501624046482932,2.01675962331426,Abnormal heartbeat
ECG Dataset\Abnormal heartbeat\HB_(119).png,final_check_output\npz_data\extended_lead_II_data\Abnormal heartbeat\HB_(119)_extended_leadII.npz,final_check_output\csv_data\extended_lead_II_csv\Abnormal heartbeat\HB_(119).csv,extended_lead_II,510,success,0.7951749327181853,0.9892467785004654,83,266,0.9786091887735487,1.0182519016269962,0.5058939096267191,0.4562321419976105,0.9977336466640563,Abnormal heartbeat
ECG Dataset\Abnormal heartbeat\HB_(12).png,final_check_output\npz_data\extended_lead_II_data\Abnormal heartbeat\HB_(12)_extended_leadII.npz,final_check_output\csv_data\extended_lead_II_csv\Abnormal heartbeat\HB_(12).csv,extended_lead_II,510,success,1.0214148404459824,1.6242633559378608,68,258,2.638231449442522,1.566941134396582,0.6473477406679764,2.589818376172898,7.126407573839124,Abnormal heartbeat
ECG Dataset\Abnormal heartbeat\HB_(120).png,final_check_output\npz_data\extended_lead_II_data\Abnormal heartbeat\HB_(120)_extended_leadII.npz,final_check_output\csv_data\extended_lead_II_csv\Abnormal heartbeat\HB_(120).csv,extended_lead_II,510,success,1.6976931949250287,2.1822657347408954,70,242,4.762283737024222,1.311689922148678,0.737721021611002,0.25063804211710927,0.6602456124933549,Abnormal heartbeat
ECG Dataset\Abnormal heartbeat\HB_(121).png,final_check_output\npz_data\extended_lead_II_data\Abnormal heartbeat\HB_(121)_extended_leadII.npz,final_check_output\csv_data\extended_lead_II_csv\Abnormal heartbeat\HB_(121).csv,extended_lead_II,510,success,1.383933102652826,1.931875370000192,54,241,3.7321424452133796,1.1076621870537442,0.5952848722986247,-1.3008929934672537,1.8887225450922882,Abnormal heartbeat
ECG Dataset\Abnormal heartbeat\HB_(122).png,final_check_output\npz_data\extended_lead_II_data\Abnormal heartbeat\HB_(122)_extended_leadII.npz,final_check_output\csv_data\extended_lead_II_csv\Abnormal heartbeat\HB_(122).csv,extended_lead_II,510,success,1.4871049596309112,1.9582603853993017,85,235,3.8347837370242215,1.4579906511028593,0.8015717092337917,0.7424657710229108,1.0383708200095816,Abnormal heartbeat
ECG Dataset\Abnormal heartbeat\HB_(123).png,final_check_output\npz_data\extended_lead_II_data\Abnormal heartbeat\HB_(123)_extended_leadII.npz,final_check_output\csv_data\extended_lead_II_csv\Abnormal heartbeat\HB_(123).csv,extended_lead_II,510,success,1.7812995001922338,2.1380543566854153,80,264,4.5712764321414845,1.4025306905438772,0.8752455795677799,-0.023502524143546873,-0.8165003110531295,Abnormal heartbeat
ECG Dataset\Abnormal heartbeat\HB_(124).png,final_check_output\npz_data\extended_lead_II_data\Abnormal heartbeat\HB_(124)_extended_leadII.npz,final_check_output\csv_data\extended_lead_II_csv\Abnormal heartbeat\HB_(124).csv,extended_lead_II,510,success,1.6813341022683583,2.4249886542182573,71,236,5.880569973087274,1.774353419964325,0.8644400785854617,1.6480144393172196,3.144629502664177,Abnormal heartbeat
ECG Dataset\Abnormal heartbeat\HB_(125).png,final_check_output\npz_data\extended_lead_II_data\Abnormal heartbeat\HB_(125)_extended_leadII.npz,final_check_output\csv_data\extended_lead_II_csv\Abnormal heartbeat\HB_(125).csv,extended_lead_II,510,success,1.8546059207996923,2.4547189134913614,66,213,6.025644944252211,1.3616628572222653,0.743614931237721,0.6850389094613063,1.6946989441712947,Abnormal heartbeat
ECG Dataset\Abnormal heartbeat\HB_(126).png,final_check_output\npz_data\extended_lead_II_data\Abnormal heartbeat\HB_(126)_extended_leadII.npz,final_check_output\csv_data\extended_lead_II_csv\Abnormal heartbeat\HB_(126).csv,extended_lead_II,510,success,2.4858362168396777,3.4701486926715814,71,212,12.041931949250287,2.8132789251001356,1.3988212180746562,1.2021075755522868,2.5152373693886894,Abnormal heartbeat
ECG Dataset\Abnormal heartbeat\HB_(127).png,final_check_output\npz_data\extended_lead_II_data\Abnormal heartbeat\HB_(127)_extended_leadII.npz,final_check_output\csv_data\extended_lead_II_csv\Abnormal heartbeat\HB_(127).csv,extended_lead_II,510,success,3.095617070357555,3.999495354556472,46,211,15.995963091118803,2.206883320026725,1.1335952848722985,-0.17667213469955345,0.7909830465604526,Abnormal heartbeat
ECG Dataset\Abnormal heartbeat\HB_(128).png,final_check_output\npz_data\extended_lead_II_data\Abnormal heartbeat\HB_(128)_extended_leadII.npz,final_check_output\csv_data\extended_lead_II_csv\Abnormal heartbeat\HB_(128).csv,extended_lead_II,510,success,1.2653287197231835,1.8503706622865663,87,242,3.4238715878508272,1.5921282293285155,0.7475442043222004,1.7097525891488767,3.8480691597498,Abnormal heartbeat
ECG Dataset\Abnormal heartbeat\HB_(129).png,final_check_output\npz_data\extended_lead_II_data\Abnormal heartbeat\HB_(129)_extended_leadII.npz,final_check_output\csv_data\extended_lead_II_csv\Abnormal heartbeat\HB_(129).csv,extended_lead_II,510,success,1.2720261437908498,1.6559064417384364,75,227,2.7420261437908495,1.1204475670423668,0.5972495088408645,0.8251729694930947,0.8081243684012014,Abnormal heartbeat
ECG Dataset\Abnormal heartbeat\HB_(13).png,final_check_output\npz_data\extended_lead_II_data\Abnormal heartbeat\HB_(13)_extended_leadII.npz,final_check_output\csv_data\extended_lead_II_csv\Abnormal heartbeat\HB_(13).csv,extended_lead_II,510,success,4.220011534025374,7.555541380069589,32,199,57.08620554594387,4.675086543014561,1.9587426326129667,-2.6747587055478355,7.138280989654747,Abnormal heartbeat
ECG Dataset\Abnormal heartbeat\HB_(130).png,final_check_output\npz_data\extended_lead_II_data\Abnormal heartbeat\HB_(130)_extended_leadII.npz,final_check_output\csv_data\extended_lead_II_csv\Abnormal heartbeat\HB_(130).csv,extended_lead_II,510,success,1.1034794309880815,1.360021611991023,108,272,1.8496587850826605,1.2438453589629832,0.7229862475442044,0.5605796467571891,-0.18715937145917838,Abnormal heartbeat
ECG Dataset\Abnormal heartbeat\HB_(131).png,final_check_output\npz_data\extended_lead_II_data\Abnormal heartbeat\HB_(131)_extended_leadII.npz,final_check_output\csv_data\extended_lead_II_csv\Abnormal heartbeat\HB_(131).csv,extended_lead_II,510,success,1.6068589004229143,2.108469811083908,52,256,4.44564494425221,0.9113452135342717,0.6178781925343811,0.09310399471752029,0.5539148066534905,Abnormal heartbeat
ECG Dataset\Abnormal heartbeat\HB_(132).png,final_check_output\npz_data\extended_lead_II_data\Abnormal heartbeat\HB_(132)_extended_leadII.npz,final_check_output\csv_data\extended_lead_II_csv\Abnormal heartbeat\HB_(132).csv,extended_lead_II,510,success,1.7812187620146103,2.4092416660877394,82,226,5.804445405613225,1.6321909052794694,0.8840864440078585,1.168097859806753,0.867529800797139,Abnormal heartbeat
ECG Dataset\Abnormal heartbeat\HB_(133).png,final_check_output\npz_data\extended_lead_II_data\Abnormal heartbeat\HB_(133)_extended_leadII.npz,final_check_output\csv_data\extended_lead_II_csv\Abnormal heartbeat\HB_(133).csv,extended_lead_II,510,success,2.238654363706268,3.392046921033732,40,165,11.505982314494423,1.8303541907658811,1.0854616895874263,-0.957616047928963,1.1603505768558025,Abnormal heartbeat
ECG Dataset\Abnormal heartbeat\HB_(134).png,final_check_output\npz_data\extended_lead_II_data\Abnormal heartbeat\HB_(134)_extended_leadII.npz,final_check_output\csv_data\extended_lead_II_csv\Abnormal heartbeat\HB_(134).csv,extended_lead_II,510,success,2.7664936562860434,3.6755194848178485,39,193,13.509443483275662,1.4952445903827112,0.9155206286836935,-0.2354924913365842,0.5625465768371694,Abnormal heartbeat
ECG Dataset\Abnormal heartbeat\HB_(135).png,final_check_output\npz_data\extended_lead_II_data\Abnormal heartbeat\HB_(135)_extended_leadII.npz,final_check_output\csv_data\extended_lead_II_csv\Abnormal heartbeat\HB_(135).csv,extended_lead_II,510,success,2.7664936562860434,3.6755194848178485,39,193,13.509443483275662,1.4952445903827112,0.9155206286836935,-0.2354924913365842,0.5625465768371694,Abnormal heartbeat
ECG Dataset\Abnormal heartbeat\HB_(136).png,final_check_output\npz_data\extended_lead_II_data\Abnormal heartbeat\HB_(136)_extended_leadII.npz,final_check_output\csv_data\extended_lead_II_csv\Abnormal heartbeat\HB_(136).csv,extended_lead_II,510,success,2.5940868896578237,3.6143575298675295,39,260,13.06358035371011,1.0845856949388608,0.6316306483300589,1.115254499851582,3.9043248110097952,Abnormal heartbeat
ECG Dataset\Abnormal heartbeat\HB_(137).png,final_check_output\npz_data\extended_lead_II_data\Abnormal heartbeat\HB_(137)_extended_leadII.npz,final_check_output\csv_data\extended_lead_II_csv\Abnormal heartbeat\HB_(137).csv,extended_lead_II,510,success,3.85256055363322,5.429429202133181,57,223,29.478701460976552,3.6667410839623362,1.862475442043222,1.6527790827281097,1.5536829865706983,Abnormal heartbeat
ECG Dataset\Abnormal heartbeat\HB_(138).png,final_check_output\npz_data\extended_lead_II_data\Abnormal heartbeat\HB_(138)_extended_leadII.npz,final_check_output\csv_data\extended_lead_II_csv\Abnormal heartbeat\HB_(138).csv,extended_lead_II,510,success,1.2422222222222223,1.5259478747881758,113,260,2.3285169165705493,1.4388313856686157,0.8339882121807466,0.5336748909814608,-0.0916365792656304,Abnormal heartbeat
ECG Dataset\Abnormal heartbeat\HB_(139).png,final_check_output\npz_data\extended_lead_II_data\Abnormal heartbeat\HB_(139)_extended_leadII.npz,final_check_output\csv_data\extended_lead_II_csv\Abnormal heartbeat\HB_(139).csv,extended_lead_II,510,success,1.821026528258361,2.9254910174524418,72,221,8.558497693194925,2.7496204417471644,1.2544204322200392,2.6473958161715636,9.210877208789555,Abnormal heartbeat
ECG Dataset\Abnormal heartbeat\HB_(14).png,final_check_output\npz_data\extended_lead_II_data\Abnormal heartbeat\HB_(14)_extended_leadII.npz,final_check_output\csv_data\extended_lead_II_csv\Abnormal heartbeat\HB_(14).csv,extended_lead_II,510,success,4.391047673971551,7.812934632277617,32,195,61.04194756824298,4.71311029410524,2.131630648330059,-2.806309036776024,8.233587842690007,Abnormal heartbeat
ECG Dataset\Abnormal heartbeat\HB_(140).png,final_check_output\npz_data\extended_lead_II_data\Abnormal heartbeat\HB_(140)_extended_leadII.npz,final_check_output\csv_data\extended_lead_II_csv\Abnormal heartbeat\HB_(140).csv,extended_lead_II,510,success,1.4158823529411766,1.7255907390493292,89,243,2.9776633986928105,1.4514067425833819,0.8045186640471512,0.56287128625979,-0.11719318570321491,Abnormal heartbeat
ECG Dataset\Abnormal heartbeat\HB_(141).png,final_check_output\npz_data\extended_lead_II_data\Abnormal heartbeat\HB_(141)_extended_leadII.npz,final_check_output\csv_data\extended_lead_II_csv\Abnormal heartbeat\HB_(141).csv,extended_lead_II,510,success,3.3868358323721646,6.678450442099126,67,252,44.60170030757402,2.061076263377404,0.8929273084479371,0.3519870213281448,8.560222716728452,Abnormal heartbeat
ECG Dataset\Abnormal heartbeat\HB_(142).png,final_check_output\npz_data\extended_lead_II_data\Abnormal heartbeat\HB_(142)_extended_leadII.npz,final_check_output\csv_data\extended_lead_II_csv\Abnormal heartbeat\HB_(142).csv,extended_lead_II,510,success,1.225990003844675,1.6430506786120462,115,257,2.6996155324875053,1.664225455105887,0.8772102161100196,1.3658380480236851,2.0092687244279395,Abnormal heartbeat
ECG Dataset\Abnormal heartbeat\HB_(143).png,final_check_output\npz_data\extended_lead_II_data\Abnormal heartbeat\HB_(143)_extended_leadII.npz,final_check_output\csv_data\extended_lead_II_csv\Abnormal heartbeat\HB_(143).csv,extended_lead_II,510,success,1.225990003844675,1.6430506786120462,115,257,2.6996155324875053,1.664225455105887,0.8772102161100196,1.3658380480236851,2.0092687244279395,Abnormal heartbeat
ECG Dataset\Abnormal heartbeat\HB_(144).png,final_check_output\npz_data\extended_lead_II_data\Abnormal heartbeat\HB_(144)_extended_leadII.npz,final_check_output\csv_data\extended_lead_II_csv\Abnormal heartbeat\HB_(144).csv,extended_lead_II,510,success,0.7619108035371007,1.089545669292856,55,236,1.1871097654748173,0.794751941381749,0.4538310412573674,-0.9578487366605144,1.7917335059824842,Abnormal heartbeat
ECG Dataset\Abnormal heartbeat\HB_(145).png,final_check_output\npz_data\extended_lead_II_data\Abnormal heartbeat\HB_(145)_extended_leadII.npz,final_check_output\csv_data\extended_lead_II_csv\Abnormal heartbeat\HB_(145).csv,extended_lead_II,510,success,1.9231257208765855,3.233056700592361,96,238,10.452655629245161,3.09629084984761,1.4459724950884087,3.3985080477502603,16.944340675488434,Abnormal heartbeat
ECG Dataset\Abnormal heartbeat\HB_(146).png,final_check_output\npz_data\extended_lead_II_data\Abnormal heartbeat\HB_(146)_extended_leadII.npz,final_check_output\csv_data\extended_lead_II_csv\Abnormal heartbeat\HB_(146).csv,extended_lead_II,510,success,2.3272779700115347,3.3796074392857394,81,234,11.421746443675511,2.6201013792830654,1.2426326129666012,1.7070226660151273,2.6461764953728277,Abnormal heartbeat
ECG Dataset\Abnormal heartbeat\HB_(147).png,final_check_output\npz_data\extended_lead_II_data\Abnormal heartbeat\HB_(147)_extended_leadII.npz,final_check_output\csv_data\extended_lead_II_csv\Abnormal heartbeat\HB_(147).csv,extended_lead_II,510,success,2.0237254901960786,2.8310631043220487,79,228,8.014918300653594,2.434909017878042,1.1208251473477406,1.180359929166744,2.5481826020906198,Abnormal heartbeat
ECG Dataset\Abnormal heartbeat\HB_(148).png,final_check_output\npz_data\extended_lead_II_data\Abnormal heartbeat\HB_(148)_extended_leadII.npz,final_check_output\csv_data\extended_lead_II_csv\Abnormal heartbeat\HB_(148).csv,extended_lead_II,510,success,2.0237254901960786,2.8310631043220487,79,228,8.014918300653594,2.434909017878042,1.1208251473477406,1.180359929166744,2.5481826020906198,Abnormal heartbeat
ECG Dataset\Abnormal heartbeat\HB_(149).png,final_check_output\npz_data\extended_lead_II_data\Abnormal heartbeat\HB_(149)_extended_leadII.npz,final_check_output\csv_data\extended_lead_II_csv\Abnormal heartbeat\HB_(149).csv,extended_lead_II,510,success,1.834163783160323,2.4034971077140272,79,231,5.776798346789698,1.409517188025702,0.7927308447937131,0.4851179567810864,0.5270288635339293,Abnormal heartbeat
ECG Dataset\Abnormal heartbeat\HB_(15).png,final_check_output\npz_data\extended_lead_II_data\Abnormal heartbeat\HB_(15)_extended_leadII.npz,final_check_output\csv_data\extended_lead_II_csv\Abnormal heartbeat\HB_(15).csv,extended_lead_II,510,success,1.3925490196078434,2.7165914821786785,60,214,7.3798692810457505,1.4978701316328198,0.7053045186640472,1.5812369114160922,14.391088147269663,Abnormal heartbeat
ECG Dataset\Abnormal heartbeat\HB_(150).png,final_check_output\npz_data\extended_lead_II_data\Abnormal heartbeat\HB_(150)_extended_leadII.npz,final_check_output\csv_data\extended_lead_II_csv\Abnormal heartbeat\HB_(150).csv,extended_lead_II,510,success,1.834163783160323,2.4034971077140272,79,231,5.776798346789698,1.409517188025702,0.7927308447937131,0.4851179567810864,0.5270288635339293,Abnormal heartbeat
ECG Dataset\Abnormal heartbeat\HB_(151).png,final_check_output\npz_data\extended_lead_II_data\Abnormal heartbeat\HB_(151)_extended_leadII.npz,final_check_output\csv_data\extended_lead_II_csv\Abnormal heartbeat\HB_(151).csv,extended_lead_II,510,success,2.47201076509035,2.9284659995195734,72,229,8.575913110342178,2.2521546112394923,1.2524557956777995,-0.15701634137339732,-0.7306577589101071,Abnormal heartbeat
ECG Dataset\Abnormal heartbeat\HB_(152).png,final_check_output\npz_data\extended_lead_II_data\Abnormal heartbeat\HB_(152)_extended_leadII.npz,final_check_output\csv_data\extended_lead_II_csv\Abnormal heartbeat\HB_(152).csv,extended_lead_II,510,success,1.5323529411764707,1.9670695831866343,87,221,3.869362745098039,1.8095739710710905,0.949901768172888,0.036033857323733966,0.21704856942441664,Abnormal heartbeat
ECG Dataset\Abnormal heartbeat\HB_(153).png,final_check_output\npz_data\extended_lead_II_data\Abnormal heartbeat\HB_(153)_extended_leadII.npz,final_check_output\csv_data\extended_lead_II_csv\Abnormal heartbeat\HB_(153).csv,extended_lead_II,510,success,1.8621222606689736,2.4862644584444564,75,230,6.181510957324105,1.7653341652864767,0.9616895874263262,0.944107016876214,1.250001758268441,Abnormal heartbeat
ECG Dataset\Abnormal heartbeat\HB_(154).png,final_check_output\npz_data\extended_lead_II_data\Abnormal heartbeat\HB_(154)_extended_leadII.npz,final_check_output\csv_data\extended_lead_II_csv\Abnormal heartbeat\HB_(154).csv,extended_lead_II,510,success,2.7110342176086117,3.8584938534845348,66,235,14.887974817377932,2.6955905199925074,1.4086444007858545,-0.9739509548372957,7.8239632442365,Abnormal heartbeat
ECG Dataset\Abnormal heartbeat\HB_(155).png,final_check_output\npz_data\extended_lead_II_data\Abnormal heartbeat\HB_(155)_extended_leadII.npz,final_check_output\csv_data\extended_lead_II_csv\Abnormal heartbeat\HB_(155).csv,extended_lead_II,510,success,2.3309304113802383,2.883943971981003,64,232,8.317132833525568,2.0269549005734544,0.9616895874263262,0.5136949519482433,0.1741844935369734,Abnormal heartbeat
ECG Dataset\Abnormal heartbeat\HB_(156).png,final_check_output\npz_data\extended_lead_II_data\Abnormal heartbeat\HB_(156)_extended_leadII.npz,final_check_output\csv_data\extended_lead_II_csv\Abnormal heartbeat\HB_(156).csv,extended_lead_II,510,success,1.2791234140715109,1.675623280892646,79,263,2.8077133794694347,1.4369526804644297,0.7603143418467584,0.23466361740547592,0.8007128404923116,Abnormal heartbeat
ECG Dataset\Abnormal heartbeat\HB_(157).png,final_check_output\npz_data\extended_lead_II_data\Abnormal heartbeat\HB_(157)_extended_leadII.npz,final_check_output\csv_data\extended_lead_II_csv\Abnormal heartbeat\HB_(157).csv,extended_lead_II,510,success,1.7583967704728956,2.459242740321639,65,224,6.047874855824682,1.811066179704418,0.8055009823182712,1.745015102691792,3.560189491594687,Abnormal heartbeat
ECG Dataset\Abnormal heartbeat\HB_(158).png,final_check_output\npz_data\extended_lead_II_data\Abnormal heartbeat\HB_(158)_extended_leadII.npz,final_check_output\csv_data\extended_lead_II_csv\Abnormal heartbeat\HB_(158).csv,extended_lead_II,510,success,2.1303806228373707,2.834321567599246,97,205,8.033378748558247,2.675885546461267,1.462671905697446,0.2195553959510319,0.8389731504603524,Abnormal heartbeat
ECG Dataset\Abnormal heartbeat\HB_(159).png,final_check_output\npz_data\extended_lead_II_data\Abnormal heartbeat\HB_(159)_extended_leadII.npz,final_check_output\csv_data\extended_lead_II_csv\Abnormal heartbeat\HB_(159).csv,extended_lead_II,510,success,2.1303806228373707,2.834321567599246,97,205,8.033378748558247,2.675885546461267,1.462671905697446,0.2195553959510319,0.8389731504603524,Abnormal heartbeat
ECG Dataset\Abnormal heartbeat\HB_(16).png,final_check_output\npz_data\extended_lead_II_data\Abnormal heartbeat\HB_(16)_extended_leadII.npz,final_check_output\csv_data\extended_lead_II_csv\Abnormal heartbeat\HB_(16).csv,extended_lead_II,510,success,2.9034217608612063,4.641556268993348,72,236,21.54404459823145,2.952472241684498,1.5284872298624754,-1.8619268633630683,3.203704669826686,Abnormal heartbeat
ECG Dataset\Abnormal heartbeat\HB_(160).png,final_check_output\npz_data\extended_lead_II_data\Abnormal heartbeat\HB_(160)_extended_leadII.npz,final_check_output\csv_data\extended_lead_II_csv\Abnormal heartbeat\HB_(160).csv,extended_lead_II,510,success,2.341878123798539,3.264655279888115,55,257,10.657974096501347,2.1485248743172423,0.8683693516699411,1.3178572042395509,12.802262184837293,Abnormal heartbeat
ECG Dataset\Abnormal heartbeat\HB_(161).png,final_check_output\npz_data\extended_lead_II_data\Abnormal heartbeat\HB_(161)_extended_leadII.npz,final_check_output\csv_data\extended_lead_II_csv\Abnormal heartbeat\HB_(161).csv,extended_lead_II,510,success,2.182687427912342,3.4551780675765538,82,231,11.938255478662052,2.685276013588772,1.2033398821218075,2.192772214329974,5.428088578242209,Abnormal heartbeat
ECG Dataset\Abnormal heartbeat\HB_(162).png,final_check_output\npz_data\extended_lead_II_data\Abnormal heartbeat\HB_(162)_extended_leadII.npz,final_check_output\csv_data\extended_lead_II_csv\Abnormal heartbeat\HB_(162).csv,extended_lead_II,510,success,1.0642291426374473,1.342219523308494,68,293,1.8015532487504806,0.9062108334467143,0.5343811394891945,-0.19727618927140766,0.13046916748165538,Abnormal heartbeat
ECG Dataset\Abnormal heartbeat\HB_(163).png,final_check_output\npz_data\extended_lead_II_data\Abnormal heartbeat\HB_(163)_extended_leadII.npz,final_check_output\csv_data\extended_lead_II_csv\Abnormal heartbeat\HB_(163).csv,extended_lead_II,510,success,2.659823144944252,3.506993616923566,51,215,12.299004229142637,1.7037460172100583,0.8428290766208252,0.3118032305042115,0.33386981874191957,Abnormal heartbeat
ECG Dataset\Abnormal heartbeat\HB_(164).png,final_check_output\npz_data\extended_lead_II_data\Abnormal heartbeat\HB_(164)_extended_leadII.npz,final_check_output\csv_data\extended_lead_II_csv\Abnormal heartbeat\HB_(164).csv,extended_lead_II,510,success,1.5945751633986929,2.162441315127119,81,229,4.676152441368704,1.93763268764233,0.9469548133595285,1.3914861487257912,3.7069065085050843,Abnormal heartbeat
ECG Dataset\Abnormal heartbeat\HB_(165).png,final_check_output\npz_data\extended_lead_II_data\Abnormal heartbeat\HB_(165)_extended_leadII.npz,final_check_output\csv_data\extended_lead_II_csv\Abnormal heartbeat\HB_(165).csv,extended_lead_II,510,success,1.1525259515570934,2.5209901220936914,68,242,6.355391195693965,3.0173857718021844,0.706286836935167,9.982654070355572,132.18696536275647,Abnormal heartbeat
ECG Dataset\Abnormal heartbeat\HB_(166).png,final_check_output\npz_data\extended_lead_II_data\Abnormal heartbeat\HB_(166)_extended_leadII.npz,final_check_output\csv_data\extended_lead_II_csv\Abnormal heartbeat\HB_(166).csv,extended_lead_II,510,success,2.554302191464821,4.687740356518753,77,215,21.974909650134563,5.472784962482955,1.6846758349705304,4.72861173310111,32.756023208902945,Abnormal heartbeat
ECG Dataset\Abnormal heartbeat\HB_(167).png,final_check_output\npz_data\extended_lead_II_data\Abnormal heartbeat\HB_(167)_extended_leadII.npz,final_check_output\csv_data\extended_lead_II_csv\Abnormal heartbeat\HB_(167).csv,extended_lead_II,510,success,1.6755747789311803,2.736943244519631,74,239,7.490858323721644,2.4977396461365067,1.0766208251473477,2.4292225427742307,5.653874646726651,Abnormal heartbeat
ECG Dataset\Abnormal heartbeat\HB_(168).png,final_check_output\npz_data\extended_lead_II_data\Abnormal heartbeat\HB_(168)_extended_leadII.npz,final_check_output\csv_data\extended_lead_II_csv\Abnormal heartbeat\HB_(168).csv,extended_lead_II,510,success,3.2835140330642063,4.871821167083681,68,170,23.7346414840446,4.8549693011924,1.6640471512770139,2.29227941530044,17.192975279859947,Abnormal heartbeat
ECG Dataset\Abnormal heartbeat\HB_(169).png,final_check_output\npz_data\extended_lead_II_data\Abnormal heartbeat\HB_(169)_extended_leadII.npz,final_check_output\csv_data\extended_lead_II_csv\Abnormal heartbeat\HB_(169).csv,extended_lead_II,510,success,1.4355247981545558,1.7940171942305696,86,257,3.2184976931949247,1.124822622995447,0.6542239685658153,-0.10292590102309707,0.33044248194777737,Abnormal heartbeat
ECG Dataset\Abnormal heartbeat\HB_(17).png,final_check_output\npz_data\extended_lead_II_data\Abnormal heartbeat\HB_(17)_extended_leadII.npz,final_check_output\csv_data\extended_lead_II_csv\Abnormal heartbeat\HB_(17).csv,extended_lead_II,510,success,3.035605536332179,4.518775071080869,62,225,20.419328143021914,2.7074988639391573,1.462671905697446,-1.1384987529249724,2.2062312115640745,Abnormal heartbeat
ECG Dataset\Abnormal heartbeat\HB_(170).png,final_check_output\npz_data\extended_lead_II_data\Abnormal heartbeat\HB_(170)_extended_leadII.npz,final_check_output\csv_data\extended_lead_II_csv\Abnormal heartbeat\HB_(170).csv,extended_lead_II,510,success,1.7179738562091507,2.5331559535424026,78,242,6.416879084967321,2.494689841779888,1.044204322200393,1.5627755831978258,3.751607601316638,Abnormal heartbeat
ECG Dataset\Abnormal heartbeat\HB_(171).png,final_check_output\npz_data\extended_lead_II_data\Abnormal heartbeat\HB_(171)_extended_leadII.npz,final_check_output\csv_data\extended_lead_II_csv\Abnormal heartbeat\HB_(171).csv,extended_lead_II,510,success,1.451280276816609,1.833734096911988,77,256,3.362580738177624,1.0777714765195885,0.6532416502946955,0.1609151715181065,-0.09409045317881715,Abnormal heartbeat
ECG Dataset\Abnormal heartbeat\HB_(172).png,final_check_output\npz_data\extended_lead_II_data\Abnormal heartbeat\HB_(172)_extended_leadII.npz,final_check_output\csv_data\extended_lead_II_csv\Abnormal heartbeat\HB_(172).csv,extended_lead_II,510,success,1.9924913494809686,2.5419451224932086,86,244,6.4614850057670115,1.7980015100815134,0.9960707269155207,0.40369408637798937,0.042613073438575455,Abnormal heartbeat
ECG Dataset\Abnormal heartbeat\HB_(173).png,final_check_output\npz_data\extended_lead_II_data\Abnormal heartbeat\HB_(173)_extended_leadII.npz,final_check_output\csv_data\extended_lead_II_csv\Abnormal heartbeat\HB_(173).csv,extended_lead_II,510,success,1.4655940023068053,1.8061689432170385,92,204,3.2622462514417543,1.2614894368222611,0.768172888015717,0.8016008730173014,-0.3057659437452065,Abnormal heartbeat
ECG Dataset\Abnormal heartbeat\HB_(174).png,final_check_output\npz_data\extended_lead_II_data\Abnormal heartbeat\HB_(174)_extended_leadII.npz,final_check_output\csv_data\extended_lead_II_csv\Abnormal heartbeat\HB_(174).csv,extended_lead_II,510,success,1.8551557093425606,2.303021100625644,88,242,5.303906189926951,1.7984112176201756,1.0324165029469548,0.23553490662300453,-0.3228519256342941,Abnormal heartbeat
ECG Dataset\Abnormal heartbeat\HB_(175).png,final_check_output\npz_data\extended_lead_II_data\Abnormal heartbeat\HB_(175)_extended_leadII.npz,final_check_output\csv_data\extended_lead_II_csv\Abnormal heartbeat\HB_(175).csv,extended_lead_II,510,success,1.6249903883121875,2.0313443956713626,79,237,4.126360053825452,1.3902198381652777,0.8084479371316307,0.5667863662685523,0.3806840956946882,Abnormal heartbeat
ECG Dataset\Abnormal heartbeat\HB_(176).png,final_check_output\npz_data\extended_lead_II_data\Abnormal heartbeat\HB_(176)_extended_leadII.npz,final_check_output\csv_data\extended_lead_II_csv\Abnormal heartbeat\HB_(176).csv,extended_lead_II,510,success,1.4191733948481355,2.409607875048465,58,233,5.806210111495579,2.22417508603966,0.8015717092337917,3.5766723059242818,23.185010069519453,Abnormal heartbeat
ECG Dataset\Abnormal heartbeat\HB_(177).png,final_check_output\npz_data\extended_lead_II_data\Abnormal heartbeat\HB_(177)_extended_leadII.npz,final_check_output\csv_data\extended_lead_II_csv\Abnormal heartbeat\HB_(177).csv,extended_lead_II,510,success,4.114313725490196,5.514295932475078,40,228,30.407459630911184,2.703050739551404,1.231827111984283,0.8721729391224927,1.4382425335030193,Abnormal heartbeat
ECG Dataset\Abnormal heartbeat\HB_(178).png,final_check_output\npz_data\extended_lead_II_data\Abnormal heartbeat\HB_(178)_extended_leadII.npz,final_check_output\csv_data\extended_lead_II_csv\Abnormal heartbeat\HB_(178).csv,extended_lead_II,510,success,4.114313725490196,5.514295932475078,40,228,30.407459630911184,2.703050739551404,1.231827111984283,0.8721729391224927,1.4382425335030193,Abnormal heartbeat
ECG Dataset\Abnormal heartbeat\HB_(179).png,final_check_output\npz_data\extended_lead_II_data\Abnormal heartbeat\HB_(179)_extended_leadII.npz,final_check_output\csv_data\extended_lead_II_csv\Abnormal heartbeat\HB_(179).csv,extended_lead_II,510,success,1.9672510572856592,3.068364487887109,48,239,9.41486063052672,2.431679426447058,0.9872298624754421,2.299343469231251,5.5828406391583645,Abnormal heartbeat
ECG Dataset\Abnormal heartbeat\HB_(18).png,final_check_output\npz_data\extended_lead_II_data\Abnormal heartbeat\HB_(18)_extended_leadII.npz,final_check_output\csv_data\extended_lead_II_csv\Abnormal heartbeat\HB_(18).csv,extended_lead_II,510,success,3.922287581699346,6.139363244323602,65,180,37.691781045751625,3.539629696592291,1.8772102161100197,-1.6784585864994577,2.4573528955559523,Abnormal heartbeat
ECG Dataset\Abnormal heartbeat\HB_(180).png,final_check_output\npz_data\extended_lead_II_data\Abnormal heartbeat\HB_(180)_extended_leadII.npz,final_check_output\csv_data\extended_lead_II_csv\Abnormal heartbeat\HB_(180).csv,extended_lead_II,510,success,2.491434063821606,3.486515739685645,63,204,12.155792003075742,2.956295935482989,1.4449901768172888,1.9590244972397097,4.63082895361522,Abnormal heartbeat
ECG Dataset\Abnormal heartbeat\HB_(181).png,final_check_output\npz_data\extended_lead_II_data\Abnormal heartbeat\HB_(181)_extended_leadII.npz,final_check_output\csv_data\extended_lead_II_csv\Abnormal heartbeat\HB_(181).csv,extended_lead_II,510,success,1.9040830449826989,2.543457166145504,73,204,6.469174356016917,1.8140469145673916,1.1139489194499017,0.382074719757533,0.8221004310259121,Abnormal heartbeat
ECG Dataset\Abnormal heartbeat\HB_(182).png,final_check_output\npz_data\extended_lead_II_data\Abnormal heartbeat\HB_(182)_extended_leadII.npz,final_check_output\csv_data\extended_lead_II_csv\Abnormal heartbeat\HB_(182).csv,extended_lead_II,510,success,1.9040830449826989,2.543457166145504,73,204,6.469174356016917,1.8140469145673916,1.1139489194499017,0.382074719757533,0.8221004310259121,Abnormal heartbeat
ECG Dataset\Abnormal heartbeat\HB_(183).png,final_check_output\npz_data\extended_lead_II_data\Abnormal heartbeat\HB_(183)_extended_leadII.npz,final_check_output\csv_data\extended_lead_II_csv\Abnormal heartbeat\HB_(183).csv,extended_lead_II,510,success,2.279123414071511,2.7833331606682776,88,212,7.746943483275663,2.030223501395563,1.2102161100196465,0.5432014358227558,-0.2405325387820647,Abnormal heartbeat
ECG Dataset\Abnormal heartbeat\HB_(184).png,final_check_output\npz_data\extended_lead_II_data\Abnormal heartbeat\HB_(184)_extended_leadII.npz,final_check_output\csv_data\extended_lead_II_csv\Abnormal heartbeat\HB_(184).csv,extended_lead_II,510,success,2.3098885044213766,2.9836534014771385,97,219,8.902187620146098,2.3119872128319883,1.3644400785854618,-0.17367706866359484,0.413064023682165,Abnormal heartbeat
ECG Dataset\Abnormal heartbeat\HB_(185).png,final_check_output\npz_data\extended_lead_II_data\Abnormal heartbeat\HB_(185)_extended_leadII.npz,final_check_output\csv_data\extended_lead_II_csv\Abnormal heartbeat\HB_(185).csv,extended_lead_II,510,success,1.4485236447520193,1.9239835557173475,72,202,3.701712722670767,1.484227267921653,0.7789783889980354,1.685409979368302,4.706189393140884,Abnormal heartbeat
ECG Dataset\Abnormal heartbeat\HB_(186).png,final_check_output\npz_data\extended_lead_II_data\Abnormal heartbeat\HB_(186)_extended_leadII.npz,final_check_output\csv_data\extended_lead_II_csv\Abnormal heartbeat\HB_(186).csv,extended_lead_II,510,success,1.023375624759708,1.3449965662290788,56,248,1.8090157631680126,0.8688564849016202,0.4174852652259332,0.7215241373702823,0.9698949943096427,Abnormal heartbeat
ECG Dataset\Abnormal heartbeat\HB_(187).png,final_check_output\npz_data\extended_lead_II_data\Abnormal heartbeat\HB_(187)_extended_leadII.npz,final_check_output\csv_data\extended_lead_II_csv\Abnormal heartbeat\HB_(187).csv,extended_lead_II,510,success,0.8401499423298732,1.141341962934531,114,247,1.302661476355248,1.2317428992060793,0.6591355599214146,0.5581755030819815,1.7801859561019766,Abnormal heartbeat
ECG Dataset\Abnormal heartbeat\HB_(188).png,final_check_output\npz_data\extended_lead_II_data\Abnormal heartbeat\HB_(188)_extended_leadII.npz,final_check_output\csv_data\extended_lead_II_csv\Abnormal heartbeat\HB_(188).csv,extended_lead_II,510,success,2.727206843521722,3.7932634760748547,104,186,14.388847798923491,2.8262990997378146,1.7544204322200392,-0.5409307965033352,1.449243422464594,Abnormal heartbeat
ECG Dataset\Abnormal heartbeat\HB_(189).png,final_check_output\npz_data\extended_lead_II_data\Abnormal heartbeat\HB_(189)_extended_leadII.npz,final_check_output\csv_data\extended_lead_II_csv\Abnormal heartbeat\HB_(189).csv,extended_lead_II,510,success,1.6009457900807387,2.16847675255569,81,230,4.702291426374471,1.6821319151483654,0.8968565815324165,1.4213072525118635,2.2033627379352776,Abnormal heartbeat
ECG Dataset\Abnormal heartbeat\HB_(19).png,final_check_output\npz_data\extended_lead_II_data\Abnormal heartbeat\HB_(19)_extended_leadII.npz,final_check_output\csv_data\extended_lead_II_csv\Abnormal heartbeat\HB_(19).csv,extended_lead_II,510,success,1.4749519415609378,2.2481580738697464,92,250,5.054214725105729,2.2592312269306793,1.0039292730844793,1.6512504743693284,3.8389990149167765,Abnormal heartbeat
ECG Dataset\Abnormal heartbeat\HB_(190).png,final_check_output\npz_data\extended_lead_II_data\Abnormal heartbeat\HB_(190)_extended_leadII.npz,final_check_output\csv_data\extended_lead_II_csv\Abnormal heartbeat\HB_(190).csv,extended_lead_II,510,success,2.8713110342176082,3.8777117485006314,111,245,15.036648404459825,2.8409024825784903,1.7583497053045187,0.1301637162892334,2.3339453228810623,Abnormal heartbeat
ECG Dataset\Abnormal heartbeat\HB_(191).png,final_check_output\npz_data\extended_lead_II_data\Abnormal heartbeat\HB_(191)_extended_leadII.npz,final_check_output\csv_data\extended_lead_II_csv\Abnormal heartbeat\HB_(191).csv,extended_lead_II,510,success,1.7171856978085356,2.183924702218378,74,243,4.769527104959631,1.5201656925511213,0.8045186640471512,0.3294290660427574,0.1748670144355109,Abnormal heartbeat
ECG Dataset\Abnormal heartbeat\HB_(192).png,final_check_output\npz_data\extended_lead_II_data\Abnormal heartbeat\HB_(192)_extended_leadII.npz,final_check_output\csv_data\extended_lead_II_csv\Abnormal heartbeat\HB_(192).csv,extended_lead_II,510,success,1.1117954632833524,1.2661797916955222,65,259,1.6032112648981158,0.9791540392670433,0.5363457760314342,0.01770624310699946,-1.1512877123016478,Abnormal heartbeat
ECG Dataset\Abnormal heartbeat\HB_(193).png,final_check_output\npz_data\extended_lead_II_data\Abnormal heartbeat\HB_(193)_extended_leadII.npz,final_check_output\csv_data\extended_lead_II_csv\Abnormal heartbeat\HB_(193).csv,extended_lead_II,510,success,1.1117954632833524,1.2661797916955222,65,259,1.6032112648981158,0.9791540392670433,0.5363457760314342,0.01770624310699946,-1.1512877123016478,Abnormal heartbeat
ECG Dataset\Abnormal heartbeat\HB_(194).png,final_check_output\npz_data\extended_lead_II_data\Abnormal heartbeat\HB_(194)_extended_leadII.npz,final_check_output\csv_data\extended_lead_II_csv\Abnormal heartbeat\HB_(194).csv,extended_lead_II,510,success,1.7809688581314873,2.894063844550113,58,215,8.37560553633218,1.9725523242504106,0.8939096267190569,-1.786431996240092,5.197063853034527,Abnormal heartbeat
ECG Dataset\Abnormal heartbeat\HB_(195).png,final_check_output\npz_data\extended_lead_II_data\Abnormal heartbeat\HB_(195)_extended_leadII.npz,final_check_output\csv_data\extended_lead_II_csv\Abnormal heartbeat\HB_(195).csv,extended_lead_II,510,success,2.1373702422145326,3.002923732289151,36,226,9.017550941945405,0.6798387651214706,0.36836935166994106,0.7719068002646868,1.3865759721821007,Abnormal heartbeat
ECG Dataset\Abnormal heartbeat\HB_(196).png,final_check_output\npz_data\extended_lead_II_data\Abnormal heartbeat\HB_(196)_extended_leadII.npz,final_check_output\csv_data\extended_lead_II_csv\Abnormal heartbeat\HB_(196).csv,extended_lead_II,510,success,1.49363321799308,2.2992487029965787,59,228,5.286544598231449,1.9292495767196853,0.7740667976424361,2.309346792604184,6.064575722273595,Abnormal heartbeat
ECG Dataset\Abnormal heartbeat\HB_(197).png,final_check_output\npz_data\extended_lead_II_data\Abnormal heartbeat\HB_(197)_extended_leadII.npz,final_check_output\csv_data\extended_lead_II_csv\Abnormal heartbeat\HB_(197).csv,extended_lead_II,510,success,2.156139946174548,3.0755737954847566,83,237,9.459154171472512,2.795765813386484,1.3025540275049117,1.4207903781956743,2.465025418790276,Abnormal heartbeat
ECG Dataset\Abnormal heartbeat\HB_(198).png,final_check_output\npz_data\extended_lead_II_data\Abnormal heartbeat\HB_(198)_extended_leadII.npz,final_check_output\csv_data\extended_lead_II_csv\Abnormal heartbeat\HB_(198).csv,extended_lead_II,510,success,1.7824509803921573,3.158320399373382,89,236,9.97498774509804,3.2305409596451473,1.31335952848723,3.2451161711552756,13.768722737194363,Abnormal heartbeat
ECG Dataset\Abnormal heartbeat\HB_(199).png,final_check_output\npz_data\extended_lead_II_data\Abnormal heartbeat\HB_(199)_extended_leadII.npz,final_check_output\csv_data\extended_lead_II_csv\Abnormal heartbeat\HB_(199).csv,extended_lead_II,510,success,2.1487485582468286,4.11624337068836,40,226,16.94345948673587,3.3996633948713644,1.4007858546168959,-3.1057703622902024,10.892916657671098,Abnormal heartbeat
ECG Dataset\Abnormal heartbeat\HB_(2).png,final_check_output\npz_data\extended_lead_II_data\Abnormal heartbeat\HB_(2)_extended_leadII.npz,final_check_output\csv_data\extended_lead_II_csv\Abnormal heartbeat\HB_(2).csv,extended_lead_II,510,success,2.2450519031141862,3.212065901987098,57,173,10.31736735870819,1.5312719265901353,0.8840864440078585,-0.5311927770115054,3.252222832740566,Abnormal heartbeat
ECG Dataset\Abnormal heartbeat\HB_(20).png,final_check_output\npz_data\extended_lead_II_data\Abnormal heartbeat\HB_(20)_extended_leadII.npz,final_check_output\csv_data\extended_lead_II_csv\Abnormal heartbeat\HB_(20).csv,extended_lead_II,510,success,1.74079200307574,2.2672392671828665,80,224,5.140373894655901,1.8320975772093864,0.9724950884086444,0.7617019497178796,1.2897158028210427,Abnormal heartbeat
ECG Dataset\Abnormal heartbeat\HB_(200).png,final_check_output\npz_data\extended_lead_II_data\Abnormal heartbeat\HB_(200)_extended_leadII.npz,final_check_output\csv_data\extended_lead_II_csv\Abnormal heartbeat\HB_(200).csv,extended_lead_II,510,success,2.0597116493656293,3.454705125594056,70,234,11.934987504805846,3.3775230691313918,1.337917485265226,3.4220855430126953,16.248668763558467,Abnormal heartbeat
ECG Dataset\Abnormal heartbeat\HB_(201).png,final_check_output\npz_data\extended_lead_II_data\Abnormal heartbeat\HB_(201)_extended_leadII.npz,final_check_output\csv_data\extended_lead_II_csv\Abnormal heartbeat\HB_(201).csv,extended_lead_II,510,success,1.6102172241445603,2.6321422944892365,94,213,6.928173058439063,2.7884215419267826,1.1758349705304518,3.0120864216893835,12.222136716210672,Abnormal heartbeat
ECG Dataset\Abnormal heartbeat\HB_(202).png,final_check_output\npz_data\extended_lead_II_data\Abnormal heartbeat\HB_(202)_extended_leadII.npz,final_check_output\csv_data\extended_lead_II_csv\Abnormal heartbeat\HB_(202).csv,extended_lead_II,510,success,1.209926951172626,1.6998792842229744,66,226,2.8895895809304117,1.3578701686435066,0.7013752455795678,1.0280157070636842,2.400542165883465,Abnormal heartbeat
ECG Dataset\Abnormal heartbeat\HB_(203).png,final_check_output\npz_data\extended_lead_II_data\Abnormal heartbeat\HB_(203)_extended_leadII.npz,final_check_output\csv_data\extended_lead_II_csv\Abnormal heartbeat\HB_(203).csv,extended_lead_II,510,success,1.8914725105728565,2.5116853012812035,82,223,6.30856305267205,1.8522274595432524,0.981335952848723,0.9336238192903502,1.8963786313398785,Abnormal heartbeat
ECG Dataset\Abnormal heartbeat\HB_(204).png,final_check_output\npz_data\extended_lead_II_data\Abnormal heartbeat\HB_(204)_extended_leadII.npz,final_check_output\csv_data\extended_lead_II_csv\Abnormal heartbeat\HB_(204).csv,extended_lead_II,510,success,1.618800461361014,2.2874916882384717,68,223,5.232618223760092,1.520488754013179,0.7612966601178782,1.6810897539792633,2.589260403566821,Abnormal heartbeat
ECG Dataset\Abnormal heartbeat\HB_(205).png,final_check_output\npz_data\extended_lead_II_data\Abnormal heartbeat\HB_(205)_extended_leadII.npz,final_check_output\csv_data\extended_lead_II_csv\Abnormal heartbeat\HB_(205).csv,extended_lead_II,510,success,1.8637524029219528,2.3602818499874627,85,215,5.570930411380239,1.8282062021241656,1.0343811394891944,0.731116061788742,0.26104543722993734,Abnormal heartbeat
ECG Dataset\Abnormal heartbeat\HB_(206).png,final_check_output\npz_data\extended_lead_II_data\Abnormal heartbeat\HB_(206)_extended_leadII.npz,final_check_output\csv_data\extended_lead_II_csv\Abnormal heartbeat\HB_(206).csv,extended_lead_II,510,success,2.3438754325259517,3.0019498981629185,93,216,9.011703191080356,2.9003590320397876,1.5530451866404715,0.7505972384288033,0.4766807864849616,Abnormal heartbeat
ECG Dataset\Abnormal heartbeat\HB_(207).png,final_check_output\npz_data\extended_lead_II_data\Abnormal heartbeat\HB_(207)_extended_leadII.npz,final_check_output\csv_data\extended_lead_II_csv\Abnormal heartbeat\HB_(207).csv,extended_lead_II,510,success,2.268742791234141,2.9859049891754648,98,241,8.91562860438293,2.703504965090168,1.3958742632612966,0.7161551851749294,1.0478396171816913,Abnormal heartbeat
ECG Dataset\Abnormal heartbeat\HB_(208).png,final_check_output\npz_data\extended_lead_II_data\Abnormal heartbeat\HB_(208)_extended_leadII.npz,final_check_output\csv_data\extended_lead_II_csv\Abnormal heartbeat\HB_(208).csv,extended_lead_II,510,success,1.8287504805843906,2.270399429990941,76,231,5.1547135717031916,1.7426522702957679,0.9636542239685658,0.6094104121635032,0.5345492576706028,Abnormal heartbeat
ECG Dataset\Abnormal heartbeat\HB_(209).png,final_check_output\npz_data\extended_lead_II_data\Abnormal heartbeat\HB_(209)_extended_leadII.npz,final_check_output\csv_data\extended_lead_II_csv\Abnormal heartbeat\HB_(209).csv,extended_lead_II,510,success,1.7888119953863892,2.2919874474032818,86,234,5.25320645905421,2.1363170849906132,1.080550098231827,0.6550604162270255,0.13715757316095756,Abnormal heartbeat
ECG Dataset\Abnormal heartbeat\HB_(21).png,final_check_output\npz_data\extended_lead_II_data\Abnormal heartbeat\HB_(21)_extended_leadII.npz,final_check_output\csv_data\extended_lead_II_csv\Abnormal heartbeat\HB_(21).csv,extended_lead_II,510,success,1.67840061514802,2.246860340958555,67,235,5.048381391772395,1.4632028813208704,0.7220039292730844,0.4588465238459946,0.7476502138459629,Abnormal heartbeat
ECG Dataset\Abnormal heartbeat\HB_(210).png,final_check_output\npz_data\extended_lead_II_data\Abnormal heartbeat\HB_(210)_extended_leadII.npz,final_check_output\csv_data\extended_lead_II_csv\Abnormal heartbeat\HB_(210).csv,extended_lead_II,510,success,2.8240753556324494,4.869080313448131,73,222,23.707943098808148,4.771909454592477,1.6227897838899803,3.865749117394133,24.65022416322787,Abnormal heartbeat
ECG Dataset\Abnormal heartbeat\HB_(211).png,final_check_output\npz_data\extended_lead_II_data\Abnormal heartbeat\HB_(211)_extended_leadII.npz,final_check_output\csv_data\extended_lead_II_csv\Abnormal heartbeat\HB_(211).csv,extended_lead_II,510,success,1.8285505574778937,2.591171277435019,76,236,6.714168589004228,1.972925784035572,0.9990176817288802,0.9594336305313171,2.153025482345461,Abnormal heartbeat
ECG Dataset\Abnormal heartbeat\HB_(212).png,final_check_output\npz_data\extended_lead_II_data\Abnormal heartbeat\HB_(212)_extended_leadII.npz,final_check_output\csv_data\extended_lead_II_csv\Abnormal heartbeat\HB_(212).csv,extended_lead_II,510,success,1.6852941176470588,2.063092912225526,92,245,4.256352364475202,1.7719989711155528,0.9833005893909627,0.2549738605926095,-0.21825492648344857,Abnormal heartbeat
ECG Dataset\Abnormal heartbeat\HB_(213).png,final_check_output\npz_data\extended_lead_II_data\Abnormal heartbeat\HB_(213)_extended_leadII.npz,final_check_output\csv_data\extended_lead_II_csv\Abnormal heartbeat\HB_(213).csv,extended_lead_II,510,success,1.8251826220684355,2.333922318150025,73,242,5.4471933871587845,1.8319635294625662,0.9695481335952849,0.6866546594200155,1.2608163648291688,Abnormal heartbeat
ECG Dataset\Abnormal heartbeat\HB_(214).png,final_check_output\npz_data\extended_lead_II_data\Abnormal heartbeat\HB_(214)_extended_leadII.npz,final_check_output\csv_data\extended_lead_II_csv\Abnormal heartbeat\HB_(214).csv,extended_lead_II,510,success,2.124206074586698,3.485477643329966,67,255,12.148554402153017,2.5658326237393556,1.0707269155206287,2.771132831756564,8.445329619828287,Abnormal heartbeat
ECG Dataset\Abnormal heartbeat\HB_(215).png,final_check_output\npz_data\extended_lead_II_data\Abnormal heartbeat\HB_(215)_extended_leadII.npz,final_check_output\csv_data\extended_lead_II_csv\Abnormal heartbeat\HB_(215).csv,extended_lead_II,510,success,1.6375240292195317,2.096830327915844,83,208,4.396697424067667,1.575381576629701,0.8929273084479371,0.7061356916403594,0.29779111823193594,Abnormal heartbeat
ECG Dataset\Abnormal heartbeat\HB_(216).png,final_check_output\npz_data\extended_lead_II_data\Abnormal heartbeat\HB_(216)_extended_leadII.npz,final_check_output\csv_data\extended_lead_II_csv\Abnormal heartbeat\HB_(216).csv,extended_lead_II,510,success,3.527389465590158,5.060652504152169,52,226,25.61020376778162,2.386829447899353,1.199410609037328,1.5616153241636295,3.6297354782998594,Abnormal heartbeat
ECG Dataset\Abnormal heartbeat\HB_(217).png,final_check_output\npz_data\extended_lead_II_data\Abnormal heartbeat\HB_(217)_extended_leadII.npz,final_check_output\csv_data\extended_lead_II_csv\Abnormal heartbeat\HB_(217).csv,extended_lead_II,510,success,1.479769319492503,1.844364683081517,87,245,3.401681084198385,1.3299112929632853,0.7573673870333988,0.24021171355347112,0.10002345681153413,Abnormal heartbeat
ECG Dataset\Abnormal heartbeat\HB_(218).png,final_check_output\npz_data\extended_lead_II_data\Abnormal heartbeat\HB_(218)_extended_leadII.npz,final_check_output\csv_data\extended_lead_II_csv\Abnormal heartbeat\HB_(218).csv,extended_lead_II,510,success,2.301691657054979,2.8914894543985663,90,197,8.360711264898116,2.0831204868350524,1.2976424361493124,-0.36731257459341676,-0.01081731793651075,Abnormal heartbeat
ECG Dataset\Abnormal heartbeat\HB_(219).png,final_check_output\npz_data\extended_lead_II_data\Abnormal heartbeat\HB_(219)_extended_leadII.npz,final_check_output\csv_data\extended_lead_II_csv\Abnormal heartbeat\HB_(219).csv,extended_lead_II,510,success,2.260451749327182,3.498380090058468,79,233,12.238663254517494,2.9382562354744555,1.3359528487229861,2.0595638851937106,5.169115355510558,Abnormal heartbeat
ECG Dataset\Abnormal heartbeat\HB_(22).png,final_check_output\npz_data\extended_lead_II_data\Abnormal heartbeat\HB_(22)_extended_leadII.npz,final_check_output\csv_data\extended_lead_II_csv\Abnormal heartbeat\HB_(22).csv,extended_lead_II,510,success,3.219607843137255,4.178727641984143,80,192,17.461764705882352,2.390838769061261,1.4381139489194499,-0.5345617852738653,0.5156795842620046,Abnormal heartbeat
ECG Dataset\Abnormal heartbeat\HB_(220).png,final_check_output\npz_data\extended_lead_II_data\Abnormal heartbeat\HB_(220)_extended_leadII.npz,final_check_output\csv_data\extended_lead_II_csv\Abnormal heartbeat\HB_(220).csv,extended_lead_II,510,success,2.657877739331027,3.8736563321323993,51,223,15.005213379469435,2.702687304156208,1.100196463654224,1.7618874735805445,5.135367457509529,Abnormal heartbeat
ECG Dataset\Abnormal heartbeat\HB_(221).png,final_check_output\npz_data\extended_lead_II_data\Abnormal heartbeat\HB_(221)_extended_leadII.npz,final_check_output\csv_data\extended_lead_II_csv\Abnormal heartbeat\HB_(221).csv,extended_lead_II,510,success,0.926739715494041,1.1898039377253868,91,287,1.415633410226836,1.0371299373155844,0.5402750491159135,0.37665542103285315,1.4125095653873503,Abnormal heartbeat
ECG Dataset\Abnormal heartbeat\HB_(222).png,final_check_output\npz_data\extended_lead_II_data\Abnormal heartbeat\HB_(222)_extended_leadII.npz,final_check_output\csv_data\extended_lead_II_csv\Abnormal heartbeat\HB_(222).csv,extended_lead_II,510,success,1.4067512495194157,1.770935627006787,94,239,3.136212995001922,1.1818868734072718,0.7210216110019646,-0.12456214435102805,0.8302944337907419,Abnormal heartbeat
ECG Dataset\Abnormal heartbeat\HB_(223).png,final_check_output\npz_data\extended_lead_II_data\Abnormal heartbeat\HB_(223)_extended_leadII.npz,final_check_output\csv_data\extended_lead_II_csv\Abnormal heartbeat\HB_(223).csv,extended_lead_II,510,success,1.739227220299885,2.128013163274149,74,236,4.52844002306805,1.27562150190016,0.8045186640471512,-0.2960050130383705,-0.7414741975524493,Abnormal heartbeat
ECG Dataset\Abnormal heartbeat\HB_(224).png,final_check_output\npz_data\extended_lead_II_data\Abnormal heartbeat\HB_(224)_extended_leadII.npz,final_check_output\csv_data\extended_lead_II_csv\Abnormal heartbeat\HB_(224).csv,extended_lead_II,510,success,1.3702422145328719,2.191594029609269,76,243,4.803084390618993,2.190576352109287,0.8546168958742633,2.723176755391912,22.582607205119555,Abnormal heartbeat
ECG Dataset\Abnormal heartbeat\HB_(225).png,final_check_output\npz_data\extended_lead_II_data\Abnormal heartbeat\HB_(225)_extended_leadII.npz,final_check_output\csv_data\extended_lead_II_csv\Abnormal heartbeat\HB_(225).csv,extended_lead_II,510,success,1.4027681660899656,1.909999184767666,67,198,3.648096885813149,1.183962910267047,0.6463654223968566,1.2838617244140134,1.5312948515633344,Abnormal heartbeat
ECG Dataset\Abnormal heartbeat\HB_(226).png,final_check_output\npz_data\extended_lead_II_data\Abnormal heartbeat\HB_(226)_extended_leadII.npz,final_check_output\csv_data\extended_lead_II_csv\Abnormal heartbeat\HB_(226).csv,extended_lead_II,510,success,1.3341791618608225,1.7165376039097697,85,245,2.946501345636294,1.4712370000827786,0.7868369351669942,-0.023309610384744966,0.3127416295290426,Abnormal heartbeat
ECG Dataset\Abnormal heartbeat\HB_(227).png,final_check_output\npz_data\extended_lead_II_data\Abnormal heartbeat\HB_(227)_extended_leadII.npz,final_check_output\csv_data\extended_lead_II_csv\Abnormal heartbeat\HB_(227).csv,extended_lead_II,510,success,1.9796539792387546,2.678391898196183,84,221,7.1737831603229525,1.8653072980896428,0.9960707269155207,1.2583776578944088,1.4837951011327402,Abnormal heartbeat
ECG Dataset\Abnormal heartbeat\HB_(228).png,final_check_output\npz_data\extended_lead_II_data\Abnormal heartbeat\HB_(228)_extended_leadII.npz,final_check_output\csv_data\extended_lead_II_csv\Abnormal heartbeat\HB_(228).csv,extended_lead_II,510,success,1.6976355247981547,2.1316496473732456,52,252,4.543930219146482,1.2211302696927635,0.6070726915520629,0.06526588525990444,0.05270440853922276,Abnormal heartbeat
ECG Dataset\Abnormal heartbeat\HB_(229).png,final_check_output\npz_data\extended_lead_II_data\Abnormal heartbeat\HB_(229)_extended_leadII.npz,final_check_output\csv_data\extended_lead_II_csv\Abnormal heartbeat\HB_(229).csv,extended_lead_II,510,success,1.0720876585928492,1.3970502235717417,58,250,1.9517493271818533,0.8719600574835744,0.46954813359528486,0.3783364139387191,0.2846489157144583,Abnormal heartbeat
ECG Dataset\Abnormal heartbeat\HB_(23).png,final_check_output\npz_data\extended_lead_II_data\Abnormal heartbeat\HB_(23)_extended_leadII.npz,final_check_output\csv_data\extended_lead_II_csv\Abnormal heartbeat\HB_(23).csv,extended_lead_II,510,success,1.24959630911188,1.9623545183454736,92,238,3.8508352556708956,2.160095319151276,0.9292730844793713,0.38999665044990983,4.270000538931868,Abnormal heartbeat
ECG Dataset\Abnormal heartbeat\HB_(230).png,final_check_output\npz_data\extended_lead_II_data\Abnormal heartbeat\HB_(230)_extended_leadII.npz,final_check_output\csv_data\extended_lead_II_csv\Abnormal heartbeat\HB_(230).csv,extended_lead_II,510,success,1.3819146482122253,2.1250949274316957,96,242,4.516028450595925,1.9631927405985137,0.8968565815324165,2.2747561907983296,5.499639755042439,Abnormal heartbeat
ECG Dataset\Abnormal heartbeat\HB_(231).png,final_check_output\npz_data\extended_lead_II_data\Abnormal heartbeat\HB_(231)_extended_leadII.npz,final_check_output\csv_data\extended_lead_II_csv\Abnormal heartbeat\HB_(231).csv,extended_lead_II,510,success,1.7397020376778176,3.372542642777829,73,226,11.374043877354863,3.532650123614602,1.2170923379174852,4.540399869032822,28.3394411894496,Abnormal heartbeat
ECG Dataset\Abnormal heartbeat\HB_(232).png,final_check_output\npz_data\extended_lead_II_data\Abnormal heartbeat\HB_(232)_extended_leadII.npz,final_check_output\csv_data\extended_lead_II_csv\Abnormal heartbeat\HB_(232).csv,extended_lead_II,510,success,1.7397020376778176,3.372542642777829,73,226,11.374043877354863,3.532650123614602,1.2170923379174852,4.540399869032822,28.3394411894496,Abnormal heartbeat
ECG Dataset\Abnormal heartbeat\HB_(233).png,final_check_output\npz_data\extended_lead_II_data\Abnormal heartbeat\HB_(233)_extended_leadII.npz,final_check_output\csv_data\extended_lead_II_csv\Abnormal heartbeat\HB_(233).csv,extended_lead_II,510,success,1.2113187235678584,1.6434472542052767,81,239,2.700918877354863,1.0607759327811788,0.6355599214145383,-0.9718917749411213,1.3008320861932408,Abnormal heartbeat
ECG Dataset\Abnormal heartbeat\HB_(234).png,final_check_output\npz_data\extended_lead_II_data\Abnormal heartbeat\HB_(234)_extended_leadII.npz,final_check_output\csv_data\extended_lead_II_csv\Abnormal heartbeat\HB_(234).csv,extended_lead_II,510,success,1.5051518646674356,2.0676273021304366,75,239,4.275082660515187,1.3834909292355386,0.7455795677799607,0.5866010540063454,1.5702381648800392,Abnormal heartbeat
ECG Dataset\Abnormal heartbeat\HB_(235).png,final_check_output\npz_data\extended_lead_II_data\Abnormal heartbeat\HB_(235)_extended_leadII.npz,final_check_output\csv_data\extended_lead_II_csv\Abnormal heartbeat\HB_(235).csv,extended_lead_II,510,success,2.320330642060746,3.6084590267151073,69,246,13.020976547481741,2.5757673814114925,1.1532416502946954,1.3874724219025225,3.7419625635573253,Abnormal heartbeat
ECG Dataset\Abnormal heartbeat\HB_(236).png,final_check_output\npz_data\extended_lead_II_data\Abnormal heartbeat\HB_(236)_extended_leadII.npz,final_check_output\csv_data\extended_lead_II_csv\Abnormal heartbeat\HB_(236).csv,extended_lead_II,510,success,1.6050134563629372,1.951545883166027,90,227,3.8085313341022684,1.259346198915527,0.8163064833005894,0.1374988995715087,-0.3595051715046189,Abnormal heartbeat
ECG Dataset\Abnormal heartbeat\HB_(237).png,final_check_output\npz_data\extended_lead_II_data\Abnormal heartbeat\HB_(237)_extended_leadII.npz,final_check_output\csv_data\extended_lead_II_csv\Abnormal heartbeat\HB_(237).csv,extended_lead_II,510,success,2.754878892733564,3.4643740755707015,80,204,12.001887735486351,2.178322384002056,1.3722986247544204,-0.47720665907424953,-0.1674957317783039,Abnormal heartbeat
ECG Dataset\Abnormal heartbeat\HB_(238).png,final_check_output\npz_data\extended_lead_II_data\Abnormal heartbeat\HB_(238)_extended_leadII.npz,final_check_output\csv_data\extended_lead_II_csv\Abnormal heartbeat\HB_(238).csv,extended_lead_II,510,success,1.8504421376393696,2.2101701246754035,103,217,4.884851980007689,1.8172930494295385,1.111984282907662,0.16978651689396165,-0.8191741136852939,Abnormal heartbeat
ECG Dataset\Abnormal heartbeat\HB_(239).png,final_check_output\npz_data\extended_lead_II_data\Abnormal heartbeat\HB_(239)_extended_leadII.npz,final_check_output\csv_data\extended_lead_II_csv\Abnormal heartbeat\HB_(239).csv,extended_lead_II,510,success,2.0354479046520564,3.1378377215989963,76,243,9.84602556708958,2.4958708532907874,1.1051080550098231,2.279438994111803,5.813379843123286,Abnormal heartbeat
ECG Dataset\Abnormal heartbeat\HB_(24).png,final_check_output\npz_data\extended_lead_II_data\Abnormal heartbeat\HB_(24)_extended_leadII.npz,final_check_output\csv_data\extended_lead_II_csv\Abnormal heartbeat\HB_(24).csv,extended_lead_II,510,success,0.8444290657439448,1.2028167899426263,70,205,1.4467682301678844,1.2234742847623676,0.5451866404715128,0.7255364476718636,4.335139576025324,Abnormal heartbeat
ECG Dataset\Abnormal heartbeat\HB_(240).png,final_check_output\npz_data\extended_lead_II_data\Abnormal heartbeat\HB_(240)_extended_leadII.npz,final_check_output\csv_data\extended_lead_II_csv\Abnormal heartbeat\HB_(240).csv,extended_lead_II,510,success,1.0919569396386006,1.3503541620394746,85,240,1.823456362937332,0.9002291784172908,0.5245579567779961,0.12956035180343634,-0.27344801894017,Abnormal heartbeat
ECG Dataset\Abnormal heartbeat\HB_(241).png,final_check_output\npz_data\extended_lead_II_data\Abnormal heartbeat\HB_(241)_extended_leadII.npz,final_check_output\csv_data\extended_lead_II_csv\Abnormal heartbeat\HB_(241).csv,extended_lead_II,510,success,1.6022491349480972,3.2731946695647904,69,214,10.713803344867358,4.201634540203402,1.067779960707269,6.972258540273212,62.371389190271444,Abnormal heartbeat
ECG Dataset\Abnormal heartbeat\HB_(242).png,final_check_output\npz_data\extended_lead_II_data\Abnormal heartbeat\HB_(242)_extended_leadII.npz,final_check_output\csv_data\extended_lead_II_csv\Abnormal heartbeat\HB_(242).csv,extended_lead_II,510,success,1.25838523644752,1.5854296206049578,88,253,2.5135870818915804,1.4364398798721894,0.8084479371316307,-0.20083822983127467,0.169994880355834,Abnormal heartbeat
ECG Dataset\Abnormal heartbeat\HB_(25).png,final_check_output\npz_data\extended_lead_II_data\Abnormal heartbeat\HB_(25)_extended_leadII.npz,final_check_output\csv_data\extended_lead_II_csv\Abnormal heartbeat\HB_(25).csv,extended_lead_II,510,success,0.8444290657439448,1.2028167899426263,70,205,1.4467682301678844,1.2234742847623676,0.5451866404715128,0.7255364476718636,4.335139576025324,Abnormal heartbeat
ECG Dataset\Abnormal heartbeat\HB_(26).png,final_check_output\npz_data\extended_lead_II_data\Abnormal heartbeat\HB_(26)_extended_leadII.npz,final_check_output\csv_data\extended_lead_II_csv\Abnormal heartbeat\HB_(26).csv,extended_lead_II,510,success,0.8444290657439448,1.2028167899426263,70,205,1.4467682301678844,1.2234742847623676,0.5451866404715128,0.7255364476718636,4.335139576025324,Abnormal heartbeat
ECG Dataset\Abnormal heartbeat\HB_(27).png,final_check_output\npz_data\extended_lead_II_data\Abnormal heartbeat\HB_(27)_extended_leadII.npz,final_check_output\csv_data\extended_lead_II_csv\Abnormal heartbeat\HB_(27).csv,extended_lead_II,510,success,0.835055747789312,1.0769133701308702,62,243,1.1597424067666282,0.538315790201582,0.3320235756385069,-0.24351840652688592,0.24072103536367928,Abnormal heartbeat
ECG Dataset\Abnormal heartbeat\HB_(28).png,final_check_output\npz_data\extended_lead_II_data\Abnormal heartbeat\HB_(28)_extended_leadII.npz,final_check_output\csv_data\extended_lead_II_csv\Abnormal heartbeat\HB_(28).csv,extended_lead_II,510,success,2.981407151095732,4.422903259292602,45,231,19.562073241061128,1.0992049278807872,0.6483300589390962,-0.190353049214711,2.437045461306078,Abnormal heartbeat
ECG Dataset\Abnormal heartbeat\HB_(29).png,final_check_output\npz_data\extended_lead_II_data\Abnormal heartbeat\HB_(29)_extended_leadII.npz,final_check_output\csv_data\extended_lead_II_csv\Abnormal heartbeat\HB_(29).csv,extended_lead_II,510,success,1.5696309111880047,2.4181330316399445,60,220,5.84736735870819,2.0671440393381677,0.8526522593320236,1.8941456540061816,4.696054828136465,Abnormal heartbeat
ECG Dataset\Abnormal heartbeat\HB_(3).png,final_check_output\npz_data\extended_lead_II_data\Abnormal heartbeat\HB_(3)_extended_leadII.npz,final_check_output\csv_data\extended_lead_II_csv\Abnormal heartbeat\HB_(3).csv,extended_lead_II,510,success,1.7172241445597847,2.849652777704581,57,220,8.120520953479433,2.593156324819405,1.1208251473477406,2.901801159534281,11.331287840981462,Abnormal heartbeat
ECG Dataset\Abnormal heartbeat\HB_(30).png,final_check_output\npz_data\extended_lead_II_data\Abnormal heartbeat\HB_(30)_extended_leadII.npz,final_check_output\csv_data\extended_lead_II_csv\Abnormal heartbeat\HB_(30).csv,extended_lead_II,510,success,3.0509227220299913,5.5817846326006375,34,238,31.156319684736637,4.278837217881937,1.8408644400785854,-3.146650204542338,9.980299882613314,Abnormal heartbeat
ECG Dataset\Abnormal heartbeat\HB_(31).png,final_check_output\npz_data\extended_lead_II_data\Abnormal heartbeat\HB_(31)_extended_leadII.npz,final_check_output\csv_data\extended_lead_II_csv\Abnormal heartbeat\HB_(31).csv,extended_lead_II,510,success,2.824482891195694,4.398133735314345,70,205,19.343580353710113,2.468166679612563,1.4292730844793713,0.1941240442075425,5.231495360409673,Abnormal heartbeat
ECG Dataset\Abnormal heartbeat\HB_(32).png,final_check_output\npz_data\extended_lead_II_data\Abnormal heartbeat\HB_(32)_extended_leadII.npz,final_check_output\csv_data\extended_lead_II_csv\Abnormal heartbeat\HB_(32).csv,extended_lead_II,510,success,1.3495617070357555,2.914345096814976,47,243,8.49340734332949,3.5980512079580538,0.7013752455795678,9.159804926697493,113.66039179750757,Abnormal heartbeat
ECG Dataset\Abnormal heartbeat\HB_(33).png,final_check_output\npz_data\extended_lead_II_data\Abnormal heartbeat\HB_(33)_extended_leadII.npz,final_check_output\csv_data\extended_lead_II_csv\Abnormal heartbeat\HB_(33).csv,extended_lead_II,510,success,1.6437254901960783,2.5825079605680874,51,256,6.669347366397541,1.7160973681051108,0.8074656188605108,-2.0445837405003306,4.1693192070889555,Abnormal heartbeat
ECG Dataset\Abnormal heartbeat\HB_(34).png,final_check_output\npz_data\extended_lead_II_data\Abnormal heartbeat\HB_(34)_extended_leadII.npz,final_check_output\csv_data\extended_lead_II_csv\Abnormal heartbeat\HB_(34).csv,extended_lead_II,510,success,1.6437254901960783,2.5825079605680874,51,256,6.669347366397541,1.7160973681051108,0.8074656188605108,-2.0445837405003306,4.1693192070889555,Abnormal heartbeat
ECG Dataset\Abnormal heartbeat\HB_(35).png,final_check_output\npz_data\extended_lead_II_data\Abnormal heartbeat\HB_(35)_extended_leadII.npz,final_check_output\csv_data\extended_lead_II_csv\Abnormal heartbeat\HB_(35).csv,extended_lead_II,510,success,1.6437254901960783,2.5825079605680874,51,256,6.669347366397541,1.7160973681051108,0.8074656188605108,-2.0445837405003306,4.1693192070889555,Abnormal heartbeat
ECG Dataset\Abnormal heartbeat\HB_(36).png,final_check_output\npz_data\extended_lead_II_data\Abnormal heartbeat\HB_(36)_extended_leadII.npz,final_check_output\csv_data\extended_lead_II_csv\Abnormal heartbeat\HB_(36).csv,extended_lead_II,510,success,4.305528642829681,6.1150526329987125,64,155,37.393868704344484,2.225389306132904,1.6355599214145382,1.3706807270701633,4.763771410461232,Abnormal heartbeat
ECG Dataset\Abnormal heartbeat\HB_(37).png,final_check_output\npz_data\extended_lead_II_data\Abnormal heartbeat\HB_(37)_extended_leadII.npz,final_check_output\csv_data\extended_lead_II_csv\Abnormal heartbeat\HB_(37).csv,extended_lead_II,510,success,0.9700000000000001,1.3480591798878176,54,251,1.8172635524798155,0.7486070889818439,0.39980353634577603,0.6533390359013357,3.995436242809265,Abnormal heartbeat
ECG Dataset\Abnormal heartbeat\HB_(38).png,final_check_output\npz_data\extended_lead_II_data\Abnormal heartbeat\HB_(38)_extended_leadII.npz,final_check_output\csv_data\extended_lead_II_csv\Abnormal heartbeat\HB_(38).csv,extended_lead_II,510,success,2.9392541330257584,5.443538820630226,55,208,29.632114891708316,4.592069129129696,2.0284872298624754,-2.1309055883522032,7.781251826436003,Abnormal heartbeat
ECG Dataset\Abnormal heartbeat\HB_(39).png,final_check_output\npz_data\extended_lead_II_data\Abnormal heartbeat\HB_(39)_extended_leadII.npz,final_check_output\csv_data\extended_lead_II_csv\Abnormal heartbeat\HB_(39).csv,extended_lead_II,510,success,1.3700884275278735,2.2908282517902356,58,205,5.247894079200307,1.845053920232635,0.8104125736738703,2.3589624079991167,5.77391391243453,Abnormal heartbeat
ECG Dataset\Abnormal heartbeat\HB_(4).png,final_check_output\npz_data\extended_lead_II_data\Abnormal heartbeat\HB_(4)_extended_leadII.npz,final_check_output\csv_data\extended_lead_II_csv\Abnormal heartbeat\HB_(4).csv,extended_lead_II,510,success,1.7172241445597847,2.849652777704581,57,220,8.120520953479433,2.593156324819405,1.1208251473477406,2.901801159534281,11.331287840981462,Abnormal heartbeat
ECG Dataset\Abnormal heartbeat\HB_(40).png,final_check_output\npz_data\extended_lead_II_data\Abnormal heartbeat\HB_(40)_extended_leadII.npz,final_check_output\csv_data\extended_lead_II_csv\Abnormal heartbeat\HB_(40).csv,extended_lead_II,510,success,2.285882352941176,3.575762636329843,51,211,12.786078431372548,2.3526309312394824,0.9479371316306483,2.1153075813673747,5.018470334487407,Abnormal heartbeat
ECG Dataset\Abnormal heartbeat\HB_(41).png,final_check_output\npz_data\extended_lead_II_data\Abnormal heartbeat\HB_(41)_extended_leadII.npz,final_check_output\csv_data\extended_lead_II_csv\Abnormal heartbeat\HB_(41).csv,extended_lead_II,510,success,2.3535793925413304,3.37534586064445,85,218,11.392959678969627,2.780572159181722,1.3850687622789783,1.374085489156711,3.5428937294253533,Abnormal heartbeat
ECG Dataset\Abnormal heartbeat\HB_(42).png,final_check_output\npz_data\extended_lead_II_data\Abnormal heartbeat\HB_(42)_extended_leadII.npz,final_check_output\csv_data\extended_lead_II_csv\Abnormal heartbeat\HB_(42).csv,extended_lead_II,510,success,1.5744713571703186,2.33288119692573,90,238,5.442334678969627,1.9832302835434543,0.9449901768172888,1.8803505026116731,3.9452106641528006,Abnormal heartbeat
ECG Dataset\Abnormal heartbeat\HB_(43).png,final_check_output\npz_data\extended_lead_II_data\Abnormal heartbeat\HB_(43)_extended_leadII.npz,final_check_output\csv_data\extended_lead_II_csv\Abnormal heartbeat\HB_(43).csv,extended_lead_II,510,success,0.6768473663975398,0.9004831246320056,53,219,0.8108698577470203,0.6365581566808607,0.3369351669941061,-1.2304488403502898,1.8019110490383747,Abnormal heartbeat
ECG Dataset\Abnormal heartbeat\HB_(44).png,final_check_output\npz_data\extended_lead_II_data\Abnormal heartbeat\HB_(44)_extended_leadII.npz,final_check_output\csv_data\extended_lead_II_csv\Abnormal heartbeat\HB_(44).csv,extended_lead_II,510,success,9.064002306805074,14.173312616084644,32,171,200.88279051326413,6.8173439682859875,3.1728880157170924,-1.220910183255284,1.9357288467555813,Abnormal heartbeat
ECG Dataset\Abnormal heartbeat\HB_(45).png,final_check_output\npz_data\extended_lead_II_data\Abnormal heartbeat\HB_(45)_extended_leadII.npz,final_check_output\csv_data\extended_lead_II_csv\Abnormal heartbeat\HB_(45).csv,extended_lead_II,510,success,1.1963514033064202,1.4656679125349912,85,226,2.148182429834679,0.8814838356179855,0.5952848722986247,0.33607333949392715,-0.45359209026341096,Abnormal heartbeat
ECG Dataset\Abnormal heartbeat\HB_(46).png,final_check_output\npz_data\extended_lead_II_data\Abnormal heartbeat\HB_(46)_extended_leadII.npz,final_check_output\csv_data\extended_lead_II_csv\Abnormal heartbeat\HB_(46).csv,extended_lead_II,510,success,1.7655209534794316,2.164550470408708,33,256,4.685278738946558,1.1076621870537442,0.5383104125736738,0.6904034278527847,0.28764667618730844,Abnormal heartbeat
ECG Dataset\Abnormal heartbeat\HB_(47).png,final_check_output\npz_data\extended_lead_II_data\Abnormal heartbeat\HB_(47)_extended_leadII.npz,final_check_output\csv_data\extended_lead_II_csv\Abnormal heartbeat\HB_(47).csv,extended_lead_II,510,success,1.7655209534794316,2.164550470408708,33,256,4.685278738946558,1.1076621870537442,0.5383104125736738,0.6904034278527847,0.28764667618730844,Abnormal heartbeat
ECG Dataset\Abnormal heartbeat\HB_(49).png,final_check_output\npz_data\extended_lead_II_data\Abnormal heartbeat\HB_(49)_extended_leadII.npz,final_check_output\csv_data\extended_lead_II_csv\Abnormal heartbeat\HB_(49).csv,extended_lead_II,510,success,0.7929450211457134,1.0545306037806017,82,198,1.1120347943098807,0.9040402654592932,0.43222003929273084,1.1586472267351025,1.7800940042012376,Abnormal heartbeat
ECG Dataset\Abnormal heartbeat\HB_(5).png,final_check_output\npz_data\extended_lead_II_data\Abnormal heartbeat\HB_(5)_extended_leadII.npz,final_check_output\csv_data\extended_lead_II_csv\Abnormal heartbeat\HB_(5).csv,extended_lead_II,510,success,2.017447135717032,3.73342537269146,83,229,13.938465013456366,3.6308679895534417,1.5923379174852652,-3.0558104661885443,12.453569064502837,Abnormal heartbeat
ECG Dataset\Abnormal heartbeat\HB_(50).png,final_check_output\npz_data\extended_lead_II_data\Abnormal heartbeat\HB_(50)_extended_leadII.npz,final_check_output\csv_data\extended_lead_II_csv\Abnormal heartbeat\HB_(50).csv,extended_lead_II,510,success,0.7929450211457134,1.0545306037806017,82,198,1.1120347943098807,0.9040402654592932,0.43222003929273084,1.1586472267351025,1.7800940042012376,Abnormal heartbeat
ECG Dataset\Abnormal heartbeat\HB_(51).png,final_check_output\npz_data\extended_lead_II_data\Abnormal heartbeat\HB_(51)_extended_leadII.npz,final_check_output\csv_data\extended_lead_II_csv\Abnormal heartbeat\HB_(51).csv,extended_lead_II,510,success,1.7018454440599768,2.161915872176773,68,243,4.673880238369858,1.2895987100667765,0.6895874263261297,-0.2822047900256411,0.09272558808266629,Abnormal heartbeat
ECG Dataset\Abnormal heartbeat\HB_(52).png,final_check_output\npz_data\extended_lead_II_data\Abnormal heartbeat\HB_(52)_extended_leadII.npz,final_check_output\csv_data\extended_lead_II_csv\Abnormal heartbeat\HB_(52).csv,extended_lead_II,510,success,1.0913725490196076,1.5396967525994845,85,262,2.3706660899653977,1.257199307282591,0.6227897838899804,1.1733813759132932,2.6236327242893225,Abnormal heartbeat
ECG Dataset\Abnormal heartbeat\HB_(53).png,final_check_output\npz_data\extended_lead_II_data\Abnormal heartbeat\HB_(53)_extended_leadII.npz,final_check_output\csv_data\extended_lead_II_csv\Abnormal heartbeat\HB_(53).csv,extended_lead_II,510,success,2.4014994232987315,3.8509600504634274,71,212,14.829893310265282,2.7178193905566386,1.1954813359528487,1.9446767073348328,4.838630800561231,Abnormal heartbeat
ECG Dataset\Abnormal heartbeat\HB_(54).png,final_check_output\npz_data\extended_lead_II_data\Abnormal heartbeat\HB_(54)_extended_leadII.npz,final_check_output\csv_data\extended_lead_II_csv\Abnormal heartbeat\HB_(54).csv,extended_lead_II,510,success,2.9577662437524017,4.302152591037485,85,235,18.50851691657055,3.5003508103728405,1.7976424361493124,1.6728177658465506,1.8949714900386452,Abnormal heartbeat
ECG Dataset\Abnormal heartbeat\HB_(55).png,final_check_output\npz_data\extended_lead_II_data\Abnormal heartbeat\HB_(55)_extended_leadII.npz,final_check_output\csv_data\extended_lead_II_csv\Abnormal heartbeat\HB_(55).csv,extended_lead_II,510,success,1.7805767012687435,2.681160869158221,103,223,7.188623606305269,2.3224791983393644,1.149312377210216,2.238469618849045,5.1202640681573275,Abnormal heartbeat
ECG Dataset\Abnormal heartbeat\HB_(56).png,final_check_output\npz_data\extended_lead_II_data\Abnormal heartbeat\HB_(56)_extended_leadII.npz,final_check_output\csv_data\extended_lead_II_csv\Abnormal heartbeat\HB_(56).csv,extended_lead_II,510,success,1.7805767012687435,2.681160869158221,103,223,7.188623606305269,2.3224791983393644,1.149312377210216,2.238469618849045,5.1202640681573275,Abnormal heartbeat
ECG Dataset\Abnormal heartbeat\HB_(57).png,final_check_output\npz_data\extended_lead_II_data\Abnormal heartbeat\HB_(57)_extended_leadII.npz,final_check_output\csv_data\extended_lead_II_csv\Abnormal heartbeat\HB_(57).csv,extended_lead_II,510,success,1.9191080353710115,2.779500811244315,65,240,7.725624759707807,1.8263246397033104,0.8889980353634578,1.9183635197143738,2.980020691294529,Abnormal heartbeat
ECG Dataset\Abnormal heartbeat\HB_(58).png,final_check_output\npz_data\extended_lead_II_data\Abnormal heartbeat\HB_(58)_extended_leadII.npz,final_check_output\csv_data\extended_lead_II_csv\Abnormal heartbeat\HB_(58).csv,extended_lead_II,510,success,1.9116416762783544,2.4591815732060445,83,206,6.047574009996155,1.5277395760340655,0.9685658153241651,0.4021048176268086,0.6158415882068393,Abnormal heartbeat
ECG Dataset\Abnormal heartbeat\HB_(59).png,final_check_output\npz_data\extended_lead_II_data\Abnormal heartbeat\HB_(59)_extended_leadII.npz,final_check_output\csv_data\extended_lead_II_csv\Abnormal heartbeat\HB_(59).csv,extended_lead_II,510,success,2.9180430603614003,4.5118943364902115,46,233,20.35719050365244,2.835884286366098,1.37524557956778,1.9807960841565742,4.135076229894925,Abnormal heartbeat
ECG Dataset\Abnormal heartbeat\HB_(6).png,final_check_output\npz_data\extended_lead_II_data\Abnormal heartbeat\HB_(6)_extended_leadII.npz,final_check_output\csv_data\extended_lead_II_csv\Abnormal heartbeat\HB_(6).csv,extended_lead_II,510,success,1.3843137254901958,1.99106037448402,64,222,3.9643214148404464,1.4593375249707723,0.6424361493123772,-1.5523725396089012,3.1364705921491955,Abnormal heartbeat
ECG Dataset\Abnormal heartbeat\HB_(60).png,final_check_output\npz_data\extended_lead_II_data\Abnormal heartbeat\HB_(60)_extended_leadII.npz,final_check_output\csv_data\extended_lead_II_csv\Abnormal heartbeat\HB_(60).csv,extended_lead_II,510,success,1.9718108419838525,3.0090742340026804,68,269,9.054527745738818,2.9097143260241327,1.0579567779960708,2.8152766612318647,18.067928520855244,Abnormal heartbeat
ECG Dataset\Abnormal heartbeat\HB_(61).png,final_check_output\npz_data\extended_lead_II_data\Abnormal heartbeat\HB_(61)_extended_leadII.npz,final_check_output\csv_data\extended_lead_II_csv\Abnormal heartbeat\HB_(61).csv,extended_lead_II,510,success,7.1666897347174165,8.273826986044725,56,93,68.45621299500192,3.2180116864525807,2.6168958742632613,-0.38296500838240616,-1.2054770800037042,Abnormal heartbeat
ECG Dataset\Abnormal heartbeat\HB_(62).png,final_check_output\npz_data\extended_lead_II_data\Abnormal heartbeat\HB_(62)_extended_leadII.npz,final_check_output\csv_data\extended_lead_II_csv\Abnormal heartbeat\HB_(62).csv,extended_lead_II,510,success,1.6101422529796232,1.8908010991684678,102,201,3.5751287966166863,1.3781554256360986,0.8889980353634578,0.36554561404959524,-0.7682216407841502,Abnormal heartbeat
ECG Dataset\Abnormal heartbeat\HB_(63).png,final_check_output\npz_data\extended_lead_II_data\Abnormal heartbeat\HB_(63)_extended_leadII.npz,final_check_output\csv_data\extended_lead_II_csv\Abnormal heartbeat\HB_(63).csv,extended_lead_II,510,success,2.8474625144175314,3.5289440049511605,58,192,12.453445790080739,1.7692250198669979,1.1542239685658153,0.6679548348169765,-0.05952057600154825,Abnormal heartbeat
ECG Dataset\Abnormal heartbeat\HB_(64).png,final_check_output\npz_data\extended_lead_II_data\Abnormal heartbeat\HB_(64)_extended_leadII.npz,final_check_output\csv_data\extended_lead_II_csv\Abnormal heartbeat\HB_(64).csv,extended_lead_II,510,success,1.4702114571318725,2.0179833558031017,94,257,4.072256824298347,1.9110885201956438,0.9410609037328095,1.568828574269513,3.059320115528055,Abnormal heartbeat
ECG Dataset\Abnormal heartbeat\HB_(65).png,final_check_output\npz_data\extended_lead_II_data\Abnormal heartbeat\HB_(65)_extended_leadII.npz,final_check_output\csv_data\extended_lead_II_csv\Abnormal heartbeat\HB_(65).csv,extended_lead_II,510,success,2.1831526336024605,2.7274791726880583,91,210,7.4391426374471346,2.197962979071164,1.2259332023575638,1.1418776309359548,0.3345574087434926,Abnormal heartbeat
ECG Dataset\Abnormal heartbeat\HB_(66).png,final_check_output\npz_data\extended_lead_II_data\Abnormal heartbeat\HB_(66)_extended_leadII.npz,final_check_output\csv_data\extended_lead_II_csv\Abnormal heartbeat\HB_(66).csv,extended_lead_II,510,success,2.196851211072664,3.2919228507611353,65,248,10.83675605536332,2.3081601208361753,1.1404715127701375,2.085335375389414,3.5679340364238543,Abnormal heartbeat
ECG Dataset\Abnormal heartbeat\HB_(67).png,final_check_output\npz_data\extended_lead_II_data\Abnormal heartbeat\HB_(67)_extended_leadII.npz,final_check_output\csv_data\extended_lead_II_csv\Abnormal heartbeat\HB_(67).csv,extended_lead_II,510,success,2.3911764705882352,3.8177539336682265,50,248,14.575245098039217,2.499607041808324,1.1385068762278978,2.334625947141719,4.782462979172947,Abnormal heartbeat
ECG Dataset\Abnormal heartbeat\HB_(68).png,final_check_output\npz_data\extended_lead_II_data\Abnormal heartbeat\HB_(68)_extended_leadII.npz,final_check_output\csv_data\extended_lead_II_csv\Abnormal heartbeat\HB_(68).csv,extended_lead_II,510,success,1.7800499807766237,2.990155737432796,68,190,8.941031334102268,2.747565452096818,1.12573673870334,3.7021547495226694,18.624614832982417,Abnormal heartbeat
ECG Dataset\Abnormal heartbeat\HB_(69).png,final_check_output\npz_data\extended_lead_II_data\Abnormal heartbeat\HB_(69)_extended_leadII.npz,final_check_output\csv_data\extended_lead_II_csv\Abnormal heartbeat\HB_(69).csv,extended_lead_II,510,success,1.2826989619377163,2.249780202002877,76,219,5.061510957324106,1.8345087617279405,0.8428290766208252,-2.091080078029703,5.697223275544127,Abnormal heartbeat
ECG Dataset\Abnormal heartbeat\HB_(7).png,final_check_output\npz_data\extended_lead_II_data\Abnormal heartbeat\HB_(7)_extended_leadII.npz,final_check_output\csv_data\extended_lead_II_csv\Abnormal heartbeat\HB_(7).csv,extended_lead_II,510,success,1.0362648981161087,2.0725651739095023,67,222,4.295526400102527,2.529192687717655,0.6944990176817288,9.766682862243222,155.80251161459475,Abnormal heartbeat
ECG Dataset\Abnormal heartbeat\HB_(70).png,final_check_output\npz_data\extended_lead_II_data\Abnormal heartbeat\HB_(70)_extended_leadII.npz,final_check_output\csv_data\extended_lead_II_csv\Abnormal heartbeat\HB_(70).csv,extended_lead_II,510,success,1.3904267589388697,1.740436603096012,84,215,3.0291195693963853,1.2983289849809447,0.7779960707269156,0.6172343127642723,-0.11545751382453373,Abnormal heartbeat
ECG Dataset\Abnormal heartbeat\HB_(71).png,final_check_output\npz_data\extended_lead_II_data\Abnormal heartbeat\HB_(71)_extended_leadII.npz,final_check_output\csv_data\extended_lead_II_csv\Abnormal heartbeat\HB_(71).csv,extended_lead_II,510,success,2.122595155709342,3.0022836688076686,54,250,9.013707227989235,1.8471823176759716,0.8791748526522594,0.7888352620132373,1.7912306627209968,Abnormal heartbeat
ECG Dataset\Abnormal heartbeat\HB_(72).png,final_check_output\npz_data\extended_lead_II_data\Abnormal heartbeat\HB_(72)_extended_leadII.npz,final_check_output\csv_data\extended_lead_II_csv\Abnormal heartbeat\HB_(72).csv,extended_lead_II,510,success,2.620830449826991,3.9418231836973647,61,211,15.537970011534027,2.585758943207431,1.2269155206286837,2.1584219409996495,4.175852118947667,Abnormal heartbeat
ECG Dataset\Abnormal heartbeat\HB_(73).png,final_check_output\npz_data\extended_lead_II_data\Abnormal heartbeat\HB_(73)_extended_leadII.npz,final_check_output\csv_data\extended_lead_II_csv\Abnormal heartbeat\HB_(73).csv,extended_lead_II,510,success,2.424313725490195,3.245040133361686,63,206,10.530285467128028,2.09464186866318,1.238703339882122,0.7838937935305278,0.6160223444826287,Abnormal heartbeat
ECG Dataset\Abnormal heartbeat\HB_(74).png,final_check_output\npz_data\extended_lead_II_data\Abnormal heartbeat\HB_(74)_extended_leadII.npz,final_check_output\csv_data\extended_lead_II_csv\Abnormal heartbeat\HB_(74).csv,extended_lead_II,510,success,1.192272202998846,1.775353498922426,75,254,3.1518800461361023,1.397443638572321,0.6286836935166994,1.9204789727650478,5.316933655417715,Abnormal heartbeat
ECG Dataset\Abnormal heartbeat\HB_(75).png,final_check_output\npz_data\extended_lead_II_data\Abnormal heartbeat\HB_(75)_extended_leadII.npz,final_check_output\csv_data\extended_lead_II_csv\Abnormal heartbeat\HB_(75).csv,extended_lead_II,510,success,1.7908496732026145,2.4953813545378516,63,185,6.226928104575163,1.6191996373575621,0.899803536345776,0.9500776459427188,1.7055627125389767,Abnormal heartbeat
ECG Dataset\Abnormal heartbeat\HB_(76).png,final_check_output\npz_data\extended_lead_II_data\Abnormal heartbeat\HB_(76)_extended_leadII.npz,final_check_output\csv_data\extended_lead_II_csv\Abnormal heartbeat\HB_(76).csv,extended_lead_II,510,success,1.441453287197232,1.9105667438180802,99,216,3.650265282583622,1.7202423642465403,0.9223968565815324,1.2032820439194576,1.8433758132155464,Abnormal heartbeat
ECG Dataset\Abnormal heartbeat\HB_(77).png,final_check_output\npz_data\extended_lead_II_data\Abnormal heartbeat\HB_(77)_extended_leadII.npz,final_check_output\csv_data\extended_lead_II_csv\Abnormal heartbeat\HB_(77).csv,extended_lead_II,510,success,1.1140215301806995,1.442586012046775,72,247,2.081054402153018,1.0068527478214866,0.5225933202357563,-0.1872006035750448,0.4693541029761059,Abnormal heartbeat
ECG Dataset\Abnormal heartbeat\HB_(78).png,final_check_output\npz_data\extended_lead_II_data\Abnormal heartbeat\HB_(78)_extended_leadII.npz,final_check_output\csv_data\extended_lead_II_csv\Abnormal heartbeat\HB_(78).csv,extended_lead_II,510,success,1.35398308342945,1.6725734430324914,68,226,2.797501922337563,1.0321454185479242,0.6139489194499018,0.09290329764615424,-0.3277399483659509,Abnormal heartbeat
ECG Dataset\Abnormal heartbeat\HB_(79).png,final_check_output\npz_data\extended_lead_II_data\Abnormal heartbeat\HB_(79)_extended_leadII.npz,final_check_output\csv_data\extended_lead_II_csv\Abnormal heartbeat\HB_(79).csv,extended_lead_II,510,success,1.6480276816608983,2.3326990817006408,66,216,5.441485005767012,1.575849164543029,0.7996070726915521,1.653212954438202,2.1478520600162696,Abnormal heartbeat
ECG Dataset\Abnormal heartbeat\HB_(8).png,final_check_output\npz_data\extended_lead_II_data\Abnormal heartbeat\HB_(8)_extended_leadII.npz,final_check_output\csv_data\extended_lead_II_csv\Abnormal heartbeat\HB_(8).csv,extended_lead_II,510,success,1.250319108035371,1.6458457250639458,64,253,2.708808150711265,1.2949198001426852,0.6483300589390962,0.49565278614677916,1.7306976192375743,Abnormal heartbeat
ECG Dataset\Abnormal heartbeat\HB_(80).png,final_check_output\npz_data\extended_lead_II_data\Abnormal heartbeat\HB_(80)_extended_leadII.npz,final_check_output\csv_data\extended_lead_II_csv\Abnormal heartbeat\HB_(80).csv,extended_lead_II,510,success,1.8418223760092267,2.6010616898966874,64,226,6.765521914648212,1.6452288582658423,0.8339882121807466,0.9778566489601231,1.8336412924272123,Abnormal heartbeat
ECG Dataset\Abnormal heartbeat\HB_(81).png,final_check_output\npz_data\extended_lead_II_data\Abnormal heartbeat\HB_(81)_extended_leadII.npz,final_check_output\csv_data\extended_lead_II_csv\Abnormal heartbeat\HB_(81).csv,extended_lead_II,510,success,2.060718954248366,2.6194252974438665,50,209,6.861388888888889,1.1645129339260012,0.8300589390962672,-0.22499099390564226,0.2533905023027967,Abnormal heartbeat
ECG Dataset\Abnormal heartbeat\HB_(82).png,final_check_output\npz_data\extended_lead_II_data\Abnormal heartbeat\HB_(82)_extended_leadII.npz,final_check_output\csv_data\extended_lead_II_csv\Abnormal heartbeat\HB_(82).csv,extended_lead_II,510,success,1.7104152249134947,2.2600582562844056,76,253,5.107863321799309,1.5238767643504867,0.8428290766208252,-0.3492190602598451,1.4809269921626385,Abnormal heartbeat
ECG Dataset\Abnormal heartbeat\HB_(83).png,final_check_output\npz_data\extended_lead_II_data\Abnormal heartbeat\HB_(83)_extended_leadII.npz,final_check_output\csv_data\extended_lead_II_csv\Abnormal heartbeat\HB_(83).csv,extended_lead_II,510,success,1.7104152249134947,2.2600582562844056,76,253,5.107863321799309,1.5238767643504867,0.8428290766208252,-0.3492190602598451,1.4809269921626385,Abnormal heartbeat
ECG Dataset\Abnormal heartbeat\HB_(84).png,final_check_output\npz_data\extended_lead_II_data\Abnormal heartbeat\HB_(84)_extended_leadII.npz,final_check_output\csv_data\extended_lead_II_csv\Abnormal heartbeat\HB_(84).csv,extended_lead_II,510,success,1.8451441753171856,2.643155437186545,88,252,6.986270665128797,2.589270592346989,1.2396856581532416,0.6791467071136227,1.9886241251484318,Abnormal heartbeat
ECG Dataset\Abnormal heartbeat\HB_(85).png,final_check_output\npz_data\extended_lead_II_data\Abnormal heartbeat\HB_(85)_extended_leadII.npz,final_check_output\csv_data\extended_lead_II_csv\Abnormal heartbeat\HB_(85).csv,extended_lead_II,510,success,2.0092733564013843,2.7709920192005053,111,222,7.678396770472895,2.4937052382597598,1.3546168958742633,1.4334062236408378,2.425787948892883,Abnormal heartbeat
ECG Dataset\Abnormal heartbeat\HB_(86).png,final_check_output\npz_data\extended_lead_II_data\Abnormal heartbeat\HB_(86)_extended_leadII.npz,final_check_output\csv_data\extended_lead_II_csv\Abnormal heartbeat\HB_(86).csv,extended_lead_II,510,success,2.761449442522107,3.6048688987269486,63,217,12.995079777008844,2.000491098841042,1.1414538310412574,0.845345349974497,0.572282224444828,Abnormal heartbeat
ECG Dataset\Abnormal heartbeat\HB_(87).png,final_check_output\npz_data\extended_lead_II_data\Abnormal heartbeat\HB_(87)_extended_leadII.npz,final_check_output\csv_data\extended_lead_II_csv\Abnormal heartbeat\HB_(87).csv,extended_lead_II,510,success,1.8459284890426753,2.3865121443859882,84,245,5.695440215301807,2.1227090967974673,1.1100196463654224,1.2024066998297984,0.8443476121035651,Abnormal heartbeat
ECG Dataset\Abnormal heartbeat\HB_(88).png,final_check_output\npz_data\extended_lead_II_data\Abnormal heartbeat\HB_(88)_extended_leadII.npz,final_check_output\csv_data\extended_lead_II_csv\Abnormal heartbeat\HB_(88).csv,extended_lead_II,510,success,1.5231295655517108,2.3407611629535254,89,215,5.479162821991541,2.427838706721395,1.0776031434184676,2.2807838338002275,7.117514472970392,Abnormal heartbeat
ECG Dataset\Abnormal heartbeat\HB_(89).png,final_check_output\npz_data\extended_lead_II_data\Abnormal heartbeat\HB_(89)_extended_leadII.npz,final_check_output\csv_data\extended_lead_II_csv\Abnormal heartbeat\HB_(89).csv,extended_lead_II,510,success,1.8403114186851206,2.580585285400371,82,253,6.659420415224914,2.109013307599231,0.9823182711198428,1.4472802949957502,3.0886437979367765,Abnormal heartbeat
ECG Dataset\Abnormal heartbeat\HB_(9).png,final_check_output\npz_data\extended_lead_II_data\Abnormal heartbeat\HB_(9)_extended_leadII.npz,final_check_output\csv_data\extended_lead_II_csv\Abnormal heartbeat\HB_(9).csv,extended_lead_II,510,success,3.150868896578239,5.54298492268682,37,220,30.724681853133408,4.098432783029844,1.6424361493123771,-2.1143045379971803,7.475290839415241,Abnormal heartbeat
ECG Dataset\Abnormal heartbeat\HB_(90).png,final_check_output\npz_data\extended_lead_II_data\Abnormal heartbeat\HB_(90)_extended_leadII.npz,final_check_output\csv_data\extended_lead_II_csv\Abnormal heartbeat\HB_(90).csv,extended_lead_II,510,success,3.2331334102268348,4.733981189520056,62,246,22.410577902729717,3.7021007682438665,1.7416502946954813,1.2836718922321717,2.87313517344501,Abnormal heartbeat
ECG Dataset\Abnormal heartbeat\HB_(91).png,final_check_output\npz_data\extended_lead_II_data\Abnormal heartbeat\HB_(91)_extended_leadII.npz,final_check_output\csv_data\extended_lead_II_csv\Abnormal heartbeat\HB_(91).csv,extended_lead_II,510,success,2.72317570165321,3.9704207178412245,78,208,15.764240676662821,2.9451435167047824,1.4518664047151277,1.6512444276754723,3.204216852779224,Abnormal heartbeat
ECG Dataset\Abnormal heartbeat\HB_(92).png,final_check_output\npz_data\extended_lead_II_data\Abnormal heartbeat\HB_(92)_extended_leadII.npz,final_check_output\csv_data\extended_lead_II_csv\Abnormal heartbeat\HB_(92).csv,extended_lead_II,510,success,1.7725836216839668,2.486924862365085,87,205,6.184795271049596,1.4677274844349735,0.9724950884086444,-1.098022079388092,0.8294763719291325,Abnormal heartbeat
ECG Dataset\Abnormal heartbeat\HB_(93).png,final_check_output\npz_data\extended_lead_II_data\Abnormal heartbeat\HB_(93)_extended_leadII.npz,final_check_output\csv_data\extended_lead_II_csv\Abnormal heartbeat\HB_(93).csv,extended_lead_II,510,success,1.4522875816993461,2.364675803795307,86,248,5.591691657054978,2.0392754597615927,0.918467583497053,2.4710670172190627,5.999260434747848,Abnormal heartbeat
ECG Dataset\Abnormal heartbeat\HB_(94).png,final_check_output\npz_data\extended_lead_II_data\Abnormal heartbeat\HB_(94)_extended_leadII.npz,final_check_output\csv_data\extended_lead_II_csv\Abnormal heartbeat\HB_(94).csv,extended_lead_II,510,success,3.202664359861592,4.109181423631517,80,202,16.885371972318342,2.6204762685937952,1.5903732809430255,-1.0601531883519,0.11885754669386683,Abnormal heartbeat
ECG Dataset\Abnormal heartbeat\HB_(95).png,final_check_output\npz_data\extended_lead_II_data\Abnormal heartbeat\HB_(95)_extended_leadII.npz,final_check_output\csv_data\extended_lead_II_csv\Abnormal heartbeat\HB_(95).csv,extended_lead_II,510,success,3.202664359861592,4.109181423631517,80,202,16.885371972318342,2.6204762685937952,1.5903732809430255,-1.0601531883519,0.11885754669386683,Abnormal heartbeat
ECG Dataset\Abnormal heartbeat\HB_(96).png,final_check_output\npz_data\extended_lead_II_data\Abnormal heartbeat\HB_(96)_extended_leadII.npz,final_check_output\csv_data\extended_lead_II_csv\Abnormal heartbeat\HB_(96).csv,extended_lead_II,510,success,1.0934948096885815,1.374223068746808,98,240,1.8884890426758936,1.22714869092002,0.6797642436149313,-0.025338104954067135,0.10368803732687493,Abnormal heartbeat
ECG Dataset\Abnormal heartbeat\HB_(97).png,final_check_output\npz_data\extended_lead_II_data\Abnormal heartbeat\HB_(97)_extended_leadII.npz,final_check_output\csv_data\extended_lead_II_csv\Abnormal heartbeat\HB_(97).csv,extended_lead_II,510,success,1.2696193771626298,1.9545843154525198,72,243,3.8203998462129944,1.7354503217474817,0.787819253438114,2.0511817185979355,5.553183494519908,Abnormal heartbeat
ECG Dataset\Abnormal heartbeat\HB_(98).png,final_check_output\npz_data\extended_lead_II_data\Abnormal heartbeat\HB_(98)_extended_leadII.npz,final_check_output\csv_data\extended_lead_II_csv\Abnormal heartbeat\HB_(98).csv,extended_lead_II,510,success,1.1890734332948867,1.7598869388906253,76,243,3.0972020376778167,1.5418204227827634,0.730844793713163,1.6901135507765,3.7310176010918568,Abnormal heartbeat
ECG Dataset\Abnormal heartbeat\HB_(99).png,final_check_output\npz_data\extended_lead_II_data\Abnormal heartbeat\HB_(99)_extended_leadII.npz,final_check_output\csv_data\extended_lead_II_csv\Abnormal heartbeat\HB_(99).csv,extended_lead_II,510,success,1.4823375624759716,2.3347820514962923,47,272,5.451207227989236,1.434215625254777,0.7210216110019646,-2.0400933932234477,3.583588525085357,Abnormal heartbeat
ECG Dataset\History of MI\PMI_(1).png,final_check_output\npz_data\extended_lead_II_data\History of MI\PMI_(1)_extended_leadII.npz,final_check_output\csv_data\extended_lead_II_csv\History of MI\PMI_(1).csv,extended_lead_II,510,success,1.4820530565167243,1.9906391642167893,45,176,3.9626442821137164,1.2073322524753813,0.5677799607072691,-1.0979342605622457,1.4039923970234387,History of MI
ECG Dataset\History of MI\PMI_(10).png,final_check_output\npz_data\extended_lead_II_data\History of MI\PMI_(10)_extended_leadII.npz,final_check_output\csv_data\extended_lead_II_csv\History of MI\PMI_(10).csv,extended_lead_II,510,success,1.552341407151096,2.089893707666149,60,195,4.367655709342561,1.1893436468962928,0.6542239685658153,0.6808099171037107,0.42233474995135767,History of MI
ECG Dataset\History of MI\PMI_(100).png,final_check_output\npz_data\extended_lead_II_data\History of MI\PMI_(100)_extended_leadII.npz,final_check_output\csv_data\extended_lead_II_csv\History of MI\PMI_(100).csv,extended_lead_II,510,success,0.6321530180699726,1.0784680623586484,43,109,1.1630933615276176,1.184227241715699,0.3742632612966601,-0.9674063317913048,7.970772525514269,History of MI
ECG Dataset\History of MI\PMI_(101).png,final_check_output\npz_data\extended_lead_II_data\History of MI\PMI_(101)_extended_leadII.npz,final_check_output\csv_data\extended_lead_II_csv\History of MI\PMI_(101).csv,extended_lead_II,510,success,0.7492003075740099,1.041483374877438,68,202,1.0846876201460978,0.5954971837668616,0.29469548133595286,1.1566610525511847,2.1323094503719284,History of MI
ECG Dataset\History of MI\PMI_(102).png,final_check_output\npz_data\extended_lead_II_data\History of MI\PMI_(102)_extended_leadII.npz,final_check_output\csv_data\extended_lead_II_csv\History of MI\PMI_(102).csv,extended_lead_II,510,success,1.1225682429834676,1.6872944931609561,73,237,2.846962706651288,1.5936699438655275,0.7298624754420432,1.6562947233047527,4.603700387827228,History of MI
ECG Dataset\History of MI\PMI_(103).png,final_check_output\npz_data\extended_lead_II_data\History of MI\PMI_(103)_extended_leadII.npz,final_check_output\csv_data\extended_lead_II_csv\History of MI\PMI_(103).csv,extended_lead_II,510,success,1.1225682429834676,1.6872944931609561,73,237,2.846962706651288,1.5936699438655275,0.7298624754420432,1.6562947233047527,4.603700387827228,History of MI
ECG Dataset\History of MI\PMI_(104).png,final_check_output\npz_data\extended_lead_II_data\History of MI\PMI_(104)_extended_leadII.npz,final_check_output\csv_data\extended_lead_II_csv\History of MI\PMI_(104).csv,extended_lead_II,510,success,1.2520953479430996,2.0202654554718436,51,230,4.081472510572857,1.3770858442366098,0.5962671905697446,2.6166992296775153,7.203718752068678,History of MI
ECG Dataset\History of MI\PMI_(105).png,final_check_output\npz_data\extended_lead_II_data\History of MI\PMI_(105)_extended_leadII.npz,final_check_output\csv_data\extended_lead_II_csv\History of MI\PMI_(105).csv,extended_lead_II,510,success,1.9676124567474056,2.8756784215351767,81,220,8.269526384083045,2.572857798151472,1.1925343811394893,2.2393696187048113,5.653678596876119,History of MI
ECG Dataset\History of MI\PMI_(106).png,final_check_output\npz_data\extended_lead_II_data\History of MI\PMI_(106)_extended_leadII.npz,final_check_output\csv_data\extended_lead_II_csv\History of MI\PMI_(106).csv,extended_lead_II,510,success,1.4335058943363446,2.3864778179470245,59,170,5.695276375553193,1.9026154714755907,0.6954813359528488,2.925323774088288,9.578534769323008,History of MI
ECG Dataset\History of MI\PMI_(107).png,final_check_output\npz_data\extended_lead_II_data\History of MI\PMI_(107)_extended_leadII.npz,final_check_output\csv_data\extended_lead_II_csv\History of MI\PMI_(107).csv,extended_lead_II,510,success,0.9025990003844675,1.1184706287970811,75,229,1.2509765474817376,0.584256449869529,0.4017681728880157,0.4865556373347329,-0.22967802719827812,History of MI
ECG Dataset\History of MI\PMI_(108).png,final_check_output\npz_data\extended_lead_II_data\History of MI\PMI_(108)_extended_leadII.npz,final_check_output\csv_data\extended_lead_II_csv\History of MI\PMI_(108).csv,extended_lead_II,510,success,0.8909496347558631,1.1123891630785352,83,225,1.2374096501345637,0.6061246022055377,0.4106090373280943,0.566711378267195,-0.07407604116642208,History of MI
ECG Dataset\History of MI\PMI_(109).png,final_check_output\npz_data\extended_lead_II_data\History of MI\PMI_(109)_extended_leadII.npz,final_check_output\csv_data\extended_lead_II_csv\History of MI\PMI_(109).csv,extended_lead_II,510,success,1.0662745098039217,2.573278979411745,64,265,6.621764705882352,3.423023858800503,0.6326129666011788,11.433531596848647,161.149003785502,History of MI
ECG Dataset\History of MI\PMI_(11).png,final_check_output\npz_data\extended_lead_II_data\History of MI\PMI_(11)_extended_leadII.npz,final_check_output\csv_data\extended_lead_II_csv\History of MI\PMI_(11).csv,extended_lead_II,510,success,0.7335640138408305,1.1122353501163513,61,237,1.237067474048443,0.6548144205374614,0.3388998035363458,-1.3901073397748558,2.89526545298159,History of MI
ECG Dataset\History of MI\PMI_(110).png,final_check_output\npz_data\extended_lead_II_data\History of MI\PMI_(110)_extended_leadII.npz,final_check_output\csv_data\extended_lead_II_csv\History of MI\PMI_(110).csv,extended_lead_II,510,success,0.9653979238754324,1.3675627214139587,44,214,1.8702277970011538,1.0741195508090593,0.4724950884086444,-1.7835958298075378,4.9258036978567805,History of MI
ECG Dataset\History of MI\PMI_(111).png,final_check_output\npz_data\extended_lead_II_data\History of MI\PMI_(111)_extended_leadII.npz,final_check_output\csv_data\extended_lead_II_csv\History of MI\PMI_(111).csv,extended_lead_II,510,success,1.062691272587467,1.4463040701330243,36,208,2.091795463283352,1.0102616906987598,0.4361493123772102,-1.7520994141264548,3.7064881430233383,History of MI
ECG Dataset\History of MI\PMI_(112).png,final_check_output\npz_data\extended_lead_II_data\History of MI\PMI_(112)_extended_leadII.npz,final_check_output\csv_data\extended_lead_II_csv\History of MI\PMI_(112).csv,extended_lead_II,510,success,0.6264898116109182,0.8697244434064562,90,237,0.7564206074586698,0.7502455393747236,0.38703339882121807,0.33890445158870247,0.45651972226289805,History of MI
ECG Dataset\History of MI\PMI_(113).png,final_check_output\npz_data\extended_lead_II_data\History of MI\PMI_(113)_extended_leadII.npz,final_check_output\csv_data\extended_lead_II_csv\History of MI\PMI_(113).csv,extended_lead_II,510,success,0.8329757785467127,1.0351571693439294,57,224,1.0715503652441367,0.793205429036047,0.39587426326129665,-0.5246629146987101,0.8129648699272982,History of MI
ECG Dataset\History of MI\PMI_(114).png,final_check_output\npz_data\extended_lead_II_data\History of MI\PMI_(114)_extended_leadII.npz,final_check_output\csv_data\extended_lead_II_csv\History of MI\PMI_(114).csv,extended_lead_II,510,success,1.2009688581314883,1.617408182006107,68,202,2.6160092272202995,1.203302593544387,0.5854616895874263,1.685571903695247,3.803742688340292,History of MI
ECG Dataset\History of MI\PMI_(115).png,final_check_output\npz_data\extended_lead_II_data\History of MI\PMI_(115)_extended_leadII.npz,final_check_output\csv_data\extended_lead_II_csv\History of MI\PMI_(115).csv,extended_lead_II,510,success,0.9091503267973862,1.42000624081457,70,158,2.016417723952326,1.109877070663361,0.4538310412573674,2.293446979706082,6.518839954903337,History of MI
ECG Dataset\History of MI\PMI_(116).png,final_check_output\npz_data\extended_lead_II_data\History of MI\PMI_(116)_extended_leadII.npz,final_check_output\csv_data\extended_lead_II_csv\History of MI\PMI_(116).csv,extended_lead_II,510,success,1.182291426374472,1.5384299230773935,81,197,2.3667666282199153,1.2367172466386953,0.6640471512770137,0.7083163691670383,0.6068620689836814,History of MI
ECG Dataset\History of MI\PMI_(117).png,final_check_output\npz_data\extended_lead_II_data\History of MI\PMI_(117)_extended_leadII.npz,final_check_output\csv_data\extended_lead_II_csv\History of MI\PMI_(117).csv,extended_lead_II,510,success,0.8267743175701653,1.086191332555585,50,194,1.1798116109188772,0.5150009060209094,0.3005893909626719,-0.6123140081451219,0.7070447037539664,History of MI
ECG Dataset\History of MI\PMI_(118).png,final_check_output\npz_data\extended_lead_II_data\History of MI\PMI_(118)_extended_leadII.npz,final_check_output\csv_data\extended_lead_II_csv\History of MI\PMI_(118).csv,extended_lead_II,510,success,1.233033448673587,1.4333215980850567,85,235,2.0544108035371007,1.0295248489173587,0.6247544204322201,0.36503265603329005,-0.8448167795602584,History of MI
ECG Dataset\History of MI\PMI_(119).png,final_check_output\npz_data\extended_lead_II_data\History of MI\PMI_(119)_extended_leadII.npz,final_check_output\csv_data\extended_lead_II_csv\History of MI\PMI_(119).csv,extended_lead_II,510,success,2.5687197231833925,3.6785123742074366,48,201,13.531453287197232,1.2971935855639631,0.650294695481336,0.610514354128936,1.5469629653241928,History of MI
ECG Dataset\History of MI\PMI_(12).png,final_check_output\npz_data\extended_lead_II_data\History of MI\PMI_(12)_extended_leadII.npz,final_check_output\csv_data\extended_lead_II_csv\History of MI\PMI_(12).csv,extended_lead_II,510,success,2.763583237216455,4.709432994650569,35,178,22.178759131103423,2.417397649310503,1.0157170923379175,-2.104650745177192,4.560082653810256,History of MI
ECG Dataset\History of MI\PMI_(120).png,final_check_output\npz_data\extended_lead_II_data\History of MI\PMI_(120)_extended_leadII.npz,final_check_output\csv_data\extended_lead_II_csv\History of MI\PMI_(120).csv,extended_lead_II,510,success,1.1291234140715114,1.5186147925395543,72,224,2.3061908881199544,1.2321415860264262,0.5648330058939096,1.27631624586899,2.6241013002441713,History of MI
ECG Dataset\History of MI\PMI_(121).png,final_check_output\npz_data\extended_lead_II_data\History of MI\PMI_(121)_extended_leadII.npz,final_check_output\csv_data\extended_lead_II_csv\History of MI\PMI_(121).csv,extended_lead_II,510,success,0.9226412918108418,1.1926967892836384,51,177,1.4225256311674996,0.7017612793926065,0.3241650294695481,0.28876792948268853,0.7463618946806769,History of MI
ECG Dataset\History of MI\PMI_(122).png,final_check_output\npz_data\extended_lead_II_data\History of MI\PMI_(122)_extended_leadII.npz,final_check_output\csv_data\extended_lead_II_csv\History of MI\PMI_(122).csv,extended_lead_II,510,success,0.9226412918108418,1.1926967892836384,51,177,1.4225256311674996,0.7017612793926065,0.3241650294695481,0.28876792948268853,0.7463618946806769,History of MI
ECG Dataset\History of MI\PMI_(123).png,final_check_output\npz_data\extended_lead_II_data\History of MI\PMI_(123)_extended_leadII.npz,final_check_output\csv_data\extended_lead_II_csv\History of MI\PMI_(123).csv,extended_lead_II,510,success,0.8535739750445633,1.7166836482208725,50,179,2.9470027480689245,1.895885789155669,0.3575638506876228,10.412718341786753,180.89442864215087,History of MI
ECG Dataset\History of MI\PMI_(124).png,final_check_output\npz_data\extended_lead_II_data\History of MI\PMI_(124)_extended_leadII.npz,final_check_output\csv_data\extended_lead_II_csv\History of MI\PMI_(124).csv,extended_lead_II,510,success,0.8320722798923487,1.7978250205629989,54,222,3.2321748045623475,2.0307153532938758,0.362475442043222,10.945548379697797,192.9079767020314,History of MI
ECG Dataset\History of MI\PMI_(125).png,final_check_output\npz_data\extended_lead_II_data\History of MI\PMI_(125)_extended_leadII.npz,final_check_output\csv_data\extended_lead_II_csv\History of MI\PMI_(125).csv,extended_lead_II,510,success,0.7634640522875813,1.0148972065530977,86,229,1.0300163398692808,0.9156465717736215,0.4548133595284872,0.9359988579676571,1.2068096969187447,History of MI
ECG Dataset\History of MI\PMI_(126).png,final_check_output\npz_data\extended_lead_II_data\History of MI\PMI_(126)_extended_leadII.npz,final_check_output\csv_data\extended_lead_II_csv\History of MI\PMI_(126).csv,extended_lead_II,510,success,1.5137946943483283,2.067128208685148,83,192,4.273019031141867,1.6965236616036747,0.8467583497053045,1.539863928863907,2.5740377562397043,History of MI
ECG Dataset\History of MI\PMI_(127).png,final_check_output\npz_data\extended_lead_II_data\History of MI\PMI_(127)_extended_leadII.npz,final_check_output\csv_data\extended_lead_II_csv\History of MI\PMI_(127).csv,extended_lead_II,510,success,0.8530949634755863,1.1066143627945095,63,230,1.2245953479430987,0.7561145639331044,0.4223968565815324,0.3897541708906702,0.7394202030397135,History of MI
ECG Dataset\History of MI\PMI_(128).png,final_check_output\npz_data\extended_lead_II_data\History of MI\PMI_(128)_extended_leadII.npz,final_check_output\csv_data\extended_lead_II_csv\History of MI\PMI_(128).csv,extended_lead_II,510,success,0.8286351403306425,1.110853536080975,51,225,1.2339955786236063,0.5650251659120582,0.32220039292730845,-0.6520014101351205,0.9749841708187366,History of MI
ECG Dataset\History of MI\PMI_(129).png,final_check_output\npz_data\extended_lead_II_data\History of MI\PMI_(129)_extended_leadII.npz,final_check_output\csv_data\extended_lead_II_csv\History of MI\PMI_(129).csv,extended_lead_II,510,success,1.7800329543582138,2.2918794096291717,35,212,5.252711228282162,0.9257190442573487,0.4223968565815324,0.011449462805432286,0.32856973105199616,History of MI
ECG Dataset\History of MI\PMI_(13).png,final_check_output\npz_data\extended_lead_II_data\History of MI\PMI_(13)_extended_leadII.npz,final_check_output\csv_data\extended_lead_II_csv\History of MI\PMI_(13).csv,extended_lead_II,510,success,0.7620607458669739,1.1420055160742757,48,181,1.3041765987440723,0.7167424306215637,0.33104125736738704,-2.051055873743498,5.833833301724285,History of MI
ECG Dataset\History of MI\PMI_(130).png,final_check_output\npz_data\extended_lead_II_data\History of MI\PMI_(130)_extended_leadII.npz,final_check_output\csv_data\extended_lead_II_csv\History of MI\PMI_(130).csv,extended_lead_II,510,success,1.7800329543582138,2.2918794096291717,35,212,5.252711228282162,0.9257190442573487,0.4223968565815324,0.011449462805432286,0.32856973105199616,History of MI
ECG Dataset\History of MI\PMI_(131).png,final_check_output\npz_data\extended_lead_II_data\History of MI\PMI_(131)_extended_leadII.npz,final_check_output\csv_data\extended_lead_II_csv\History of MI\PMI_(131).csv,extended_lead_II,510,success,0.8756286043829297,1.1264995985957091,82,232,1.2690013456362936,0.8820408554749125,0.44204322200392926,-0.182442302255234,0.6817790674800421,History of MI
ECG Dataset\History of MI\PMI_(132).png,final_check_output\npz_data\extended_lead_II_data\History of MI\PMI_(132)_extended_leadII.npz,final_check_output\csv_data\extended_lead_II_csv\History of MI\PMI_(132).csv,extended_lead_II,510,success,1.0893810073048824,1.4116203629913537,77,259,1.9926720492118417,1.109877070663361,0.5618860510805501,0.8538621429748722,1.53048610845115,History of MI
ECG Dataset\History of MI\PMI_(133).png,final_check_output\npz_data\extended_lead_II_data\History of MI\PMI_(133)_extended_leadII.npz,final_check_output\csv_data\extended_lead_II_csv\History of MI\PMI_(133).csv,extended_lead_II,510,success,1.4597001153402538,1.8299948632547138,77,204,3.348881199538639,1.3032376186890127,0.7229862475442044,0.6024245953571017,-0.05612203277410455,History of MI
ECG Dataset\History of MI\PMI_(134).png,final_check_output\npz_data\extended_lead_II_data\History of MI\PMI_(134)_extended_leadII.npz,final_check_output\csv_data\extended_lead_II_csv\History of MI\PMI_(134).csv,extended_lead_II,510,success,1.659046520569012,2.2412032746754575,54,222,5.022992118415994,1.0406756910342563,0.5333988212180747,0.10086365636466438,0.9697800013630715,History of MI
ECG Dataset\History of MI\PMI_(135).png,final_check_output\npz_data\extended_lead_II_data\History of MI\PMI_(135)_extended_leadII.npz,final_check_output\csv_data\extended_lead_II_csv\History of MI\PMI_(135).csv,extended_lead_II,510,success,0.6849874308697843,1.0266071108831907,37,164,1.0539221601159316,0.7480264699986552,0.29469548133595286,-1.8970472702829728,6.481463088888878,History of MI
ECG Dataset\History of MI\PMI_(136).png,final_check_output\npz_data\extended_lead_II_data\History of MI\PMI_(136)_extended_leadII.npz,final_check_output\csv_data\extended_lead_II_csv\History of MI\PMI_(136).csv,extended_lead_II,510,success,0.9306504824151881,1.255852984444942,47,166,1.5771667185392677,0.661501178305916,0.3163064833005894,0.14502678493112864,0.7118560084831791,History of MI
ECG Dataset\History of MI\PMI_(137).png,final_check_output\npz_data\extended_lead_II_data\History of MI\PMI_(137)_extended_leadII.npz,final_check_output\csv_data\extended_lead_II_csv\History of MI\PMI_(137).csv,extended_lead_II,510,success,1.264590542099192,1.6485100982467564,79,208,2.71758554402153,1.015353645554235,0.5392927308447937,1.0975633036569516,0.8175974253172757,History of MI
ECG Dataset\History of MI\PMI_(138).png,final_check_output\npz_data\extended_lead_II_data\History of MI\PMI_(138)_extended_leadII.npz,final_check_output\csv_data\extended_lead_II_csv\History of MI\PMI_(138).csv,extended_lead_II,510,success,1.6026143790849678,2.193758612001912,37,153,4.812576847732558,1.2229293435230408,0.5461689587426326,1.4302344531724143,2.118670308690036,History of MI
ECG Dataset\History of MI\PMI_(139).png,final_check_output\npz_data\extended_lead_II_data\History of MI\PMI_(139)_extended_leadII.npz,final_check_output\csv_data\extended_lead_II_csv\History of MI\PMI_(139).csv,extended_lead_II,510,success,1.2697078046905037,1.8981679215531566,37,188,3.6030414584134305,1.393313624160682,0.4960707269155206,1.9688871029882977,5.71719806246468,History of MI
ECG Dataset\History of MI\PMI_(14).png,final_check_output\npz_data\extended_lead_II_data\History of MI\PMI_(14)_extended_leadII.npz,final_check_output\csv_data\extended_lead_II_csv\History of MI\PMI_(14).csv,extended_lead_II,510,success,0.6321530180699726,1.0784680623586484,43,109,1.1630933615276176,1.184227241715699,0.3742632612966601,-0.9674063317913048,7.970772525514269,History of MI
ECG Dataset\History of MI\PMI_(140).png,final_check_output\npz_data\extended_lead_II_data\History of MI\PMI_(140)_extended_leadII.npz,final_check_output\csv_data\extended_lead_II_csv\History of MI\PMI_(140).csv,extended_lead_II,510,success,1.7710797622216303,2.3725513256785473,42,172,5.628999792979033,1.1293480113026353,0.5913555992141454,0.6699778062579813,0.9637686903240366,History of MI
ECG Dataset\History of MI\PMI_(141).png,final_check_output\npz_data\extended_lead_II_data\History of MI\PMI_(141)_extended_leadII.npz,final_check_output\csv_data\extended_lead_II_csv\History of MI\PMI_(141).csv,extended_lead_II,510,success,1.0874778931180318,1.4919909856011047,62,202,2.226037101114956,1.1129705027008228,0.4538310412573674,1.4726589048215473,2.44572801815732,History of MI
ECG Dataset\History of MI\PMI_(142).png,final_check_output\npz_data\extended_lead_II_data\History of MI\PMI_(142)_extended_leadII.npz,final_check_output\csv_data\extended_lead_II_csv\History of MI\PMI_(142).csv,extended_lead_II,510,success,1.4758515955401774,2.282065922590331,75,194,5.207824875048059,1.6341457156689831,0.7966601178781926,2.5129729035354504,6.655736407757887,History of MI
ECG Dataset\History of MI\PMI_(143).png,final_check_output\npz_data\extended_lead_II_data\History of MI\PMI_(143)_extended_leadII.npz,final_check_output\csv_data\extended_lead_II_csv\History of MI\PMI_(143).csv,extended_lead_II,510,success,1.4758515955401774,2.282065922590331,75,194,5.207824875048059,1.6341457156689831,0.7966601178781926,2.5129729035354504,6.655736407757887,History of MI
ECG Dataset\History of MI\PMI_(144).png,final_check_output\npz_data\extended_lead_II_data\History of MI\PMI_(144)_extended_leadII.npz,final_check_output\csv_data\extended_lead_II_csv\History of MI\PMI_(144).csv,extended_lead_II,510,success,1.228904267589389,1.5396602330442886,70,243,2.3705536332179933,1.0761752838874783,0.5972495088408645,0.634818370548947,-0.10447726721015993,History of MI
ECG Dataset\History of MI\PMI_(145).png,final_check_output\npz_data\extended_lead_II_data\History of MI\PMI_(145)_extended_leadII.npz,final_check_output\csv_data\extended_lead_II_csv\History of MI\PMI_(145).csv,extended_lead_II,510,success,1.228904267589389,1.5396602330442886,70,243,2.3705536332179933,1.0761752838874783,0.5972495088408645,0.634818370548947,-0.10447726721015993,History of MI
ECG Dataset\History of MI\PMI_(146).png,final_check_output\npz_data\extended_lead_II_data\History of MI\PMI_(146)_extended_leadII.npz,final_check_output\csv_data\extended_lead_II_csv\History of MI\PMI_(146).csv,extended_lead_II,510,success,0.9947981545559403,1.45359098749919,71,224,2.11292675893887,1.0949518025473852,0.5157170923379175,1.7878866255653232,3.9061208126548106,History of MI
ECG Dataset\History of MI\PMI_(147).png,final_check_output\npz_data\extended_lead_II_data\History of MI\PMI_(147)_extended_leadII.npz,final_check_output\csv_data\extended_lead_II_csv\History of MI\PMI_(147).csv,extended_lead_II,510,success,0.985905420991926,1.342643747893032,63,196,1.8026922337562474,1.0656265393722786,0.46168958742632615,1.4292564899907017,3.625940263377232,History of MI
ECG Dataset\History of MI\PMI_(148).png,final_check_output\npz_data\extended_lead_II_data\History of MI\PMI_(148)_extended_leadII.npz,final_check_output\csv_data\extended_lead_II_csv\History of MI\PMI_(148).csv,extended_lead_II,510,success,1.9548212226066897,3.1862426846072758,59,235,10.152142445213379,2.3486609485988983,0.9970530451866405,2.6552760582669506,6.965588541788183,History of MI
ECG Dataset\History of MI\PMI_(149).png,final_check_output\npz_data\extended_lead_II_data\History of MI\PMI_(149)_extended_leadII.npz,final_check_output\csv_data\extended_lead_II_csv\History of MI\PMI_(149).csv,extended_lead_II,510,success,4.303598615916955,6.004056443074656,37,210,36.0486937716263,1.5084894017026158,0.9027504911591355,-0.8768168845326403,1.648440102107969,History of MI
ECG Dataset\History of MI\PMI_(15).png,final_check_output\npz_data\extended_lead_II_data\History of MI\PMI_(15)_extended_leadII.npz,final_check_output\csv_data\extended_lead_II_csv\History of MI\PMI_(15).csv,extended_lead_II,510,success,0.7492003075740099,1.041483374877438,68,202,1.0846876201460978,0.5954971837668616,0.29469548133595286,1.1566610525511847,2.1323094503719284,History of MI
ECG Dataset\History of MI\PMI_(150).png,final_check_output\npz_data\extended_lead_II_data\History of MI\PMI_(150)_extended_leadII.npz,final_check_output\csv_data\extended_lead_II_csv\History of MI\PMI_(150).csv,extended_lead_II,510,success,0.9679354094579014,1.3747968288608703,66,214,1.8900663206459054,1.247787826405175,0.5383104125736738,2.0166540846069108,5.591250709096961,History of MI
ECG Dataset\History of MI\PMI_(151).png,final_check_output\npz_data\extended_lead_II_data\History of MI\PMI_(151)_extended_leadII.npz,final_check_output\csv_data\extended_lead_II_csv\History of MI\PMI_(151).csv,extended_lead_II,510,success,0.8686735870818916,1.1003407252525763,54,203,1.2107497116493657,0.7001262866717701,0.35952848722986247,-0.43819383867921624,0.26043616838894934,History of MI
ECG Dataset\History of MI\PMI_(152).png,final_check_output\npz_data\extended_lead_II_data\History of MI\PMI_(152)_extended_leadII.npz,final_check_output\csv_data\extended_lead_II_csv\History of MI\PMI_(152).csv,extended_lead_II,510,success,2.561983852364475,3.765229360051615,62,229,14.176952133794693,2.3097555131337746,1.0510805500982319,1.2966936120123242,2.4292667566255313,History of MI
ECG Dataset\History of MI\PMI_(153).png,final_check_output\npz_data\extended_lead_II_data\History of MI\PMI_(153)_extended_leadII.npz,final_check_output\csv_data\extended_lead_II_csv\History of MI\PMI_(153).csv,extended_lead_II,510,success,1.8152018454440602,2.755495191169502,59,232,7.592753748558247,1.839321648254252,0.8644400785854617,1.7721212471909418,4.869826817344905,History of MI
ECG Dataset\History of MI\PMI_(154).png,final_check_output\npz_data\extended_lead_II_data\History of MI\PMI_(154)_extended_leadII.npz,final_check_output\csv_data\extended_lead_II_csv\History of MI\PMI_(154).csv,extended_lead_II,510,success,1.3008227604767397,2.0278330508127325,67,220,4.112106881968474,1.6860691197637259,0.6640471512770137,1.8722271558423855,4.969786059027325,History of MI
ECG Dataset\History of MI\PMI_(155).png,final_check_output\npz_data\extended_lead_II_data\History of MI\PMI_(155)_extended_leadII.npz,final_check_output\csv_data\extended_lead_II_csv\History of MI\PMI_(155).csv,extended_lead_II,510,success,2.040315263360247,3.6877507995045495,28,194,13.599505959246445,3.2353645076023576,1.149312377210216,-1.9883226103399239,10.563826691805913,History of MI
ECG Dataset\History of MI\PMI_(156).png,final_check_output\npz_data\extended_lead_II_data\History of MI\PMI_(156)_extended_leadII.npz,final_check_output\csv_data\extended_lead_II_csv\History of MI\PMI_(156).csv,extended_lead_II,510,success,2.351643598615918,4.223538770767208,84,225,17.838279748173782,3.8329240122001624,1.6296660117878192,3.475191346063719,14.585656844846707,History of MI
ECG Dataset\History of MI\PMI_(157).png,final_check_output\npz_data\extended_lead_II_data\History of MI\PMI_(157)_extended_leadII.npz,final_check_output\csv_data\extended_lead_II_csv\History of MI\PMI_(157).csv,extended_lead_II,510,success,2.4547789311803156,4.443738602159382,73,230,19.746812764321415,1.273309195161686,0.7612966601178782,4.001216332157681,19.62675531367199,History of MI
ECG Dataset\History of MI\PMI_(158).png,final_check_output\npz_data\extended_lead_II_data\History of MI\PMI_(158)_extended_leadII.npz,final_check_output\csv_data\extended_lead_II_csv\History of MI\PMI_(158).csv,extended_lead_II,510,success,1.3519607843137256,1.673986521075141,47,227,2.8022308727412537,0.8136845302294828,0.42829076620825146,-0.0997274787246763,-0.24956837330715276,History of MI
ECG Dataset\History of MI\PMI_(159).png,final_check_output\npz_data\extended_lead_II_data\History of MI\PMI_(159)_extended_leadII.npz,final_check_output\csv_data\extended_lead_II_csv\History of MI\PMI_(159).csv,extended_lead_II,510,success,1.3400692041522493,1.8845565124852268,81,239,3.55155324875048,1.1219807772150459,0.6218074656188605,1.03213050667832,6.146319099593326,History of MI
ECG Dataset\History of MI\PMI_(16).png,final_check_output\npz_data\extended_lead_II_data\History of MI\PMI_(16)_extended_leadII.npz,final_check_output\csv_data\extended_lead_II_csv\History of MI\PMI_(16).csv,extended_lead_II,510,success,1.1225682429834676,1.6872944931609561,73,237,2.846962706651288,1.5936699438655275,0.7298624754420432,1.6562947233047527,4.603700387827228,History of MI
ECG Dataset\History of MI\PMI_(160).png,final_check_output\npz_data\extended_lead_II_data\History of MI\PMI_(160)_extended_leadII.npz,final_check_output\csv_data\extended_lead_II_csv\History of MI\PMI_(160).csv,extended_lead_II,510,success,1.5510188389081114,2.1925786187992284,61,208,4.807400999615533,1.5647454396054996,0.7220039292730844,1.9657055160863397,3.8250106840544094,History of MI
ECG Dataset\History of MI\PMI_(161).png,final_check_output\npz_data\extended_lead_II_data\History of MI\PMI_(161)_extended_leadII.npz,final_check_output\csv_data\extended_lead_II_csv\History of MI\PMI_(161).csv,extended_lead_II,510,success,2.8374625144175325,4.99476042269527,31,229,24.94763168012303,4.506979961055038,1.7740667976424362,-1.6429584792565641,7.663223167873875,History of MI
ECG Dataset\History of MI\PMI_(162).png,final_check_output\npz_data\extended_lead_II_data\History of MI\PMI_(162)_extended_leadII.npz,final_check_output\csv_data\extended_lead_II_csv\History of MI\PMI_(162).csv,extended_lead_II,510,success,0.8284429065743953,1.1947923815723955,50,235,1.4275288350634372,0.6951982374768816,0.4066797642436149,-1.4075014316555667,2.073980117762236,History of MI
ECG Dataset\History of MI\PMI_(163).png,final_check_output\npz_data\extended_lead_II_data\History of MI\PMI_(163)_extended_leadII.npz,final_check_output\csv_data\extended_lead_II_csv\History of MI\PMI_(163).csv,extended_lead_II,510,success,1.5639600153787017,2.070505838007,78,177,4.286994425221069,1.569759657751506,0.8025540275049116,1.3423748804992952,1.260511076933625,History of MI
ECG Dataset\History of MI\PMI_(164).png,final_check_output\npz_data\extended_lead_II_data\History of MI\PMI_(164)_extended_leadII.npz,final_check_output\csv_data\extended_lead_II_csv\History of MI\PMI_(164).csv,extended_lead_II,510,success,1.901922337562476,2.669701452205132,51,222,7.127305843906191,2.0058852505831126,0.9607072691552063,-0.6466230450110119,1.9959833301576495,History of MI
ECG Dataset\History of MI\PMI_(165).png,final_check_output\npz_data\extended_lead_II_data\History of MI\PMI_(165)_extended_leadII.npz,final_check_output\csv_data\extended_lead_II_csv\History of MI\PMI_(165).csv,extended_lead_II,510,success,0.7604536716647444,0.9422461241917645,85,235,0.8878277585544021,0.680199901277151,0.40078585461689586,-0.34711226898362757,-0.17009461752485944,History of MI
ECG Dataset\History of MI\PMI_(166).png,final_check_output\npz_data\extended_lead_II_data\History of MI\PMI_(166)_extended_leadII.npz,final_check_output\csv_data\extended_lead_II_csv\History of MI\PMI_(166).csv,extended_lead_II,510,success,1.3178777393310273,1.75708156900538,65,204,3.0873356401384084,1.3094413092001052,0.6493123772102161,1.2650771976162491,2.0034233775180175,History of MI
ECG Dataset\History of MI\PMI_(167).png,final_check_output\npz_data\extended_lead_II_data\History of MI\PMI_(167)_extended_leadII.npz,final_check_output\csv_data\extended_lead_II_csv\History of MI\PMI_(167).csv,extended_lead_II,510,success,1.3355324875048056,2.0281714500968797,48,208,4.113479430988081,1.4497137445236916,0.5884086444007859,2.4546959415373153,7.068732949447128,History of MI
ECG Dataset\History of MI\PMI_(168).png,final_check_output\npz_data\extended_lead_II_data\History of MI\PMI_(168)_extended_leadII.npz,final_check_output\csv_data\extended_lead_II_csv\History of MI\PMI_(168).csv,extended_lead_II,510,success,0.942652825836217,1.1939969030039106,62,233,1.4256286043829296,0.7387000741891615,0.3742632612966601,0.37414364401224126,0.09269149745452498,History of MI
ECG Dataset\History of MI\PMI_(169).png,final_check_output\npz_data\extended_lead_II_data\History of MI\PMI_(169)_extended_leadII.npz,final_check_output\csv_data\extended_lead_II_csv\History of MI\PMI_(169).csv,extended_lead_II,510,success,1.5648366013071893,2.7793825429871,63,198,7.724967320261439,1.612360165880646,0.7003929273084479,0.5786326162961374,13.838068681509586,History of MI
ECG Dataset\History of MI\PMI_(17).png,final_check_output\npz_data\extended_lead_II_data\History of MI\PMI_(17)_extended_leadII.npz,final_check_output\csv_data\extended_lead_II_csv\History of MI\PMI_(17).csv,extended_lead_II,510,success,1.2520953479430996,2.0202654554718436,51,230,4.081472510572857,1.3770858442366098,0.5962671905697446,2.6166992296775153,7.203718752068678,History of MI
ECG Dataset\History of MI\PMI_(170).png,final_check_output\npz_data\extended_lead_II_data\History of MI\PMI_(170)_extended_leadII.npz,final_check_output\csv_data\extended_lead_II_csv\History of MI\PMI_(170).csv,extended_lead_II,510,success,1.46922337562476,1.9772069609420102,57,232,3.9093473663975398,1.139141095803901,0.5717092337917485,0.36071627141018736,1.340525002217948,History of MI
ECG Dataset\History of MI\PMI_(171).png,final_check_output\npz_data\extended_lead_II_data\History of MI\PMI_(171)_extended_leadII.npz,final_check_output\csv_data\extended_lead_II_csv\History of MI\PMI_(171).csv,extended_lead_II,510,success,1.8941484044598231,2.957298298393727,61,236,8.745613225682431,1.4737386801756858,0.6994106090373281,1.6968574915247605,5.69343207466914,History of MI
ECG Dataset\History of MI\PMI_(18).png,final_check_output\npz_data\extended_lead_II_data\History of MI\PMI_(18)_extended_leadII.npz,final_check_output\csv_data\extended_lead_II_csv\History of MI\PMI_(18).csv,extended_lead_II,510,success,1.9676124567474056,2.8756784215351767,81,220,8.269526384083045,2.572857798151472,1.1925343811394893,2.2393696187048113,5.653678596876119,History of MI
ECG Dataset\History of MI\PMI_(19).png,final_check_output\npz_data\extended_lead_II_data\History of MI\PMI_(19)_extended_leadII.npz,final_check_output\csv_data\extended_lead_II_csv\History of MI\PMI_(19).csv,extended_lead_II,510,success,1.4335058943363446,2.3864778179470245,59,170,5.695276375553193,1.9026154714755907,0.6954813359528488,2.925323774088288,9.578534769323008,History of MI
ECG Dataset\History of MI\PMI_(2).png,final_check_output\npz_data\extended_lead_II_data\History of MI\PMI_(2)_extended_leadII.npz,final_check_output\csv_data\extended_lead_II_csv\History of MI\PMI_(2).csv,extended_lead_II,510,success,1.248646674356016,1.6535007658830567,83,180,2.734064782775855,1.17605447396655,0.6444007858546169,1.3119399638255465,0.7279351810071035,History of MI
ECG Dataset\History of MI\PMI_(20).png,final_check_output\npz_data\extended_lead_II_data\History of MI\PMI_(20)_extended_leadII.npz,final_check_output\csv_data\extended_lead_II_csv\History of MI\PMI_(20).csv,extended_lead_II,510,success,0.9025990003844675,1.1184706287970811,75,229,1.2509765474817376,0.584256449869529,0.4017681728880157,0.4865556373347329,-0.22967802719827812,History of MI
ECG Dataset\History of MI\PMI_(21).png,final_check_output\npz_data\extended_lead_II_data\History of MI\PMI_(21)_extended_leadII.npz,final_check_output\csv_data\extended_lead_II_csv\History of MI\PMI_(21).csv,extended_lead_II,510,success,1.0662745098039217,2.573278979411745,64,265,6.621764705882352,3.423023858800503,0.6326129666011788,11.433531596848647,161.149003785502,History of MI
ECG Dataset\History of MI\PMI_(22).png,final_check_output\npz_data\extended_lead_II_data\History of MI\PMI_(22)_extended_leadII.npz,final_check_output\csv_data\extended_lead_II_csv\History of MI\PMI_(22).csv,extended_lead_II,510,success,0.9653979238754324,1.3675627214139587,44,214,1.8702277970011538,1.0741195508090593,0.4724950884086444,-1.7835958298075378,4.9258036978567805,History of MI
ECG Dataset\History of MI\PMI_(23).png,final_check_output\npz_data\extended_lead_II_data\History of MI\PMI_(23)_extended_leadII.npz,final_check_output\csv_data\extended_lead_II_csv\History of MI\PMI_(23).csv,extended_lead_II,510,success,1.062691272587467,1.4463040701330243,36,208,2.091795463283352,1.0102616906987598,0.4361493123772102,-1.7520994141264548,3.7064881430233383,History of MI
ECG Dataset\History of MI\PMI_(24).png,final_check_output\npz_data\extended_lead_II_data\History of MI\PMI_(24)_extended_leadII.npz,final_check_output\csv_data\extended_lead_II_csv\History of MI\PMI_(24).csv,extended_lead_II,510,success,0.6264898116109182,0.8697244434064562,90,237,0.7564206074586698,0.7502455393747236,0.38703339882121807,0.33890445158870247,0.45651972226289805,History of MI
ECG Dataset\History of MI\PMI_(25).png,final_check_output\npz_data\extended_lead_II_data\History of MI\PMI_(25)_extended_leadII.npz,final_check_output\csv_data\extended_lead_II_csv\History of MI\PMI_(25).csv,extended_lead_II,510,success,0.8329757785467127,1.0351571693439294,57,224,1.0715503652441367,0.793205429036047,0.39587426326129665,-0.5246629146987101,0.8129648699272982,History of MI
ECG Dataset\History of MI\PMI_(26).png,final_check_output\npz_data\extended_lead_II_data\History of MI\PMI_(26)_extended_leadII.npz,final_check_output\csv_data\extended_lead_II_csv\History of MI\PMI_(26).csv,extended_lead_II,510,success,1.2009688581314883,1.617408182006107,68,202,2.6160092272202995,1.203302593544387,0.5854616895874263,1.685571903695247,3.803742688340292,History of MI
ECG Dataset\History of MI\PMI_(27).png,final_check_output\npz_data\extended_lead_II_data\History of MI\PMI_(27)_extended_leadII.npz,final_check_output\csv_data\extended_lead_II_csv\History of MI\PMI_(27).csv,extended_lead_II,510,success,0.7396539792387542,1.1803453348801107,79,258,1.393215109573241,0.9263125875335942,0.44695481335952847,2.2414973171316155,5.6681732428122995,History of MI
ECG Dataset\History of MI\PMI_(28).png,final_check_output\npz_data\extended_lead_II_data\History of MI\PMI_(28)_extended_leadII.npz,final_check_output\csv_data\extended_lead_II_csv\History of MI\PMI_(28).csv,extended_lead_II,510,success,0.9091503267973862,1.42000624081457,70,158,2.016417723952326,1.109877070663361,0.4538310412573674,2.293446979706082,6.518839954903337,History of MI
ECG Dataset\History of MI\PMI_(29).png,final_check_output\npz_data\extended_lead_II_data\History of MI\PMI_(29)_extended_leadII.npz,final_check_output\csv_data\extended_lead_II_csv\History of MI\PMI_(29).csv,extended_lead_II,510,success,1.182291426374472,1.5384299230773935,81,197,2.3667666282199153,1.2367172466386953,0.6640471512770137,0.7083163691670383,0.6068620689836814,History of MI
ECG Dataset\History of MI\PMI_(3).png,final_check_output\npz_data\extended_lead_II_data\History of MI\PMI_(3)_extended_leadII.npz,final_check_output\csv_data\extended_lead_II_csv\History of MI\PMI_(3).csv,extended_lead_II,510,success,0.596893502499038,0.9861770504999182,41,186,0.9725451749327183,0.8753332231061937,0.3320235756385069,-2.9338774891873647,11.909356852343102,History of MI
ECG Dataset\History of MI\PMI_(30).png,final_check_output\npz_data\extended_lead_II_data\History of MI\PMI_(30)_extended_leadII.npz,final_check_output\csv_data\extended_lead_II_csv\History of MI\PMI_(30).csv,extended_lead_II,510,success,0.8267743175701653,1.086191332555585,50,194,1.1798116109188772,0.5150009060209094,0.3005893909626719,-0.6123140081451219,0.7070447037539664,History of MI
ECG Dataset\History of MI\PMI_(31).png,final_check_output\npz_data\extended_lead_II_data\History of MI\PMI_(31)_extended_leadII.npz,final_check_output\csv_data\extended_lead_II_csv\History of MI\PMI_(31).csv,extended_lead_II,510,success,1.233033448673587,1.4333215980850567,85,235,2.0544108035371007,1.0295248489173587,0.6247544204322201,0.36503265603329005,-0.8448167795602584,History of MI
ECG Dataset\History of MI\PMI_(32).png,final_check_output\npz_data\extended_lead_II_data\History of MI\PMI_(32)_extended_leadII.npz,final_check_output\csv_data\extended_lead_II_csv\History of MI\PMI_(32).csv,extended_lead_II,510,success,2.2449519415609385,3.139744875850374,84,210,9.85799788542868,2.127447163664629,1.3231827111984282,-1.1809065317353336,1.3706710842166032,History of MI
ECG Dataset\History of MI\PMI_(33).png,final_check_output\npz_data\extended_lead_II_data\History of MI\PMI_(33)_extended_leadII.npz,final_check_output\csv_data\extended_lead_II_csv\History of MI\PMI_(33).csv,extended_lead_II,510,success,2.5687197231833925,3.6785123742074366,48,201,13.531453287197232,1.2971935855639631,0.650294695481336,0.610514354128936,1.5469629653241928,History of MI
ECG Dataset\History of MI\PMI_(34).png,final_check_output\npz_data\extended_lead_II_data\History of MI\PMI_(34)_extended_leadII.npz,final_check_output\csv_data\extended_lead_II_csv\History of MI\PMI_(34).csv,extended_lead_II,510,success,1.1291234140715114,1.5186147925395543,72,224,2.3061908881199544,1.2321415860264262,0.5648330058939096,1.27631624586899,2.6241013002441713,History of MI
ECG Dataset\History of MI\PMI_(35).png,final_check_output\npz_data\extended_lead_II_data\History of MI\PMI_(35)_extended_leadII.npz,final_check_output\csv_data\extended_lead_II_csv\History of MI\PMI_(35).csv,extended_lead_II,510,success,0.9226412918108418,1.1926967892836384,51,177,1.4225256311674996,0.7017612793926065,0.3241650294695481,0.28876792948268853,0.7463618946806769,History of MI
ECG Dataset\History of MI\PMI_(36).png,final_check_output\npz_data\extended_lead_II_data\History of MI\PMI_(36)_extended_leadII.npz,final_check_output\csv_data\extended_lead_II_csv\History of MI\PMI_(36).csv,extended_lead_II,510,success,0.8535739750445633,1.7166836482208725,50,179,2.9470027480689245,1.895885789155669,0.3575638506876228,10.412718341786753,180.89442864215087,History of MI
ECG Dataset\History of MI\PMI_(37).png,final_check_output\npz_data\extended_lead_II_data\History of MI\PMI_(37)_extended_leadII.npz,final_check_output\csv_data\extended_lead_II_csv\History of MI\PMI_(37).csv,extended_lead_II,510,success,0.8320722798923487,1.7978250205629989,54,222,3.2321748045623475,2.0307153532938758,0.362475442043222,10.945548379697797,192.9079767020314,History of MI
ECG Dataset\History of MI\PMI_(38).png,final_check_output\npz_data\extended_lead_II_data\History of MI\PMI_(38)_extended_leadII.npz,final_check_output\csv_data\extended_lead_II_csv\History of MI\PMI_(38).csv,extended_lead_II,510,success,0.7634640522875813,1.0148972065530977,86,229,1.0300163398692808,0.9156465717736215,0.4548133595284872,0.9359988579676571,1.2068096969187447,History of MI
ECG Dataset\History of MI\PMI_(39).png,final_check_output\npz_data\extended_lead_II_data\History of MI\PMI_(39)_extended_leadII.npz,final_check_output\csv_data\extended_lead_II_csv\History of MI\PMI_(39).csv,extended_lead_II,510,success,1.5137946943483283,2.067128208685148,83,192,4.273019031141867,1.6965236616036747,0.8467583497053045,1.539863928863907,2.5740377562397043,History of MI
ECG Dataset\History of MI\PMI_(4).png,final_check_output\npz_data\extended_lead_II_data\History of MI\PMI_(4)_extended_leadII.npz,final_check_output\csv_data\extended_lead_II_csv\History of MI\PMI_(4).csv,extended_lead_II,510,success,1.0813725490196078,1.55910251542186,66,233,2.4308006535947717,1.0061207573591742,0.5785854616895875,0.3564213765193448,1.065062179016154,History of MI
ECG Dataset\History of MI\PMI_(40).png,final_check_output\npz_data\extended_lead_II_data\History of MI\PMI_(40)_extended_leadII.npz,final_check_output\csv_data\extended_lead_II_csv\History of MI\PMI_(40).csv,extended_lead_II,510,success,1.5776701268742803,2.2310511846877596,81,203,4.977589388696655,1.8249794788522493,0.8614931237721022,1.8444576478574486,3.526477107737132,History of MI
ECG Dataset\History of MI\PMI_(41).png,final_check_output\npz_data\extended_lead_II_data\History of MI\PMI_(41)_extended_leadII.npz,final_check_output\csv_data\extended_lead_II_csv\History of MI\PMI_(41).csv,extended_lead_II,510,success,0.8530949634755863,1.1066143627945095,63,230,1.2245953479430987,0.7561145639331044,0.4223968565815324,0.3897541708906702,0.7394202030397135,History of MI
ECG Dataset\History of MI\PMI_(42).png,final_check_output\npz_data\extended_lead_II_data\History of MI\PMI_(42)_extended_leadII.npz,final_check_output\csv_data\extended_lead_II_csv\History of MI\PMI_(42).csv,extended_lead_II,510,success,0.8286351403306425,1.110853536080975,51,225,1.2339955786236063,0.5650251659120582,0.32220039292730845,-0.6520014101351205,0.9749841708187366,History of MI
ECG Dataset\History of MI\PMI_(43).png,final_check_output\npz_data\extended_lead_II_data\History of MI\PMI_(43)_extended_leadII.npz,final_check_output\csv_data\extended_lead_II_csv\History of MI\PMI_(43).csv,extended_lead_II,510,success,1.7800329543582138,2.2918794096291717,35,212,5.252711228282162,0.9257190442573487,0.4223968565815324,0.011449462805432286,0.32856973105199616,History of MI
ECG Dataset\History of MI\PMI_(44).png,final_check_output\npz_data\extended_lead_II_data\History of MI\PMI_(44)_extended_leadII.npz,final_check_output\csv_data\extended_lead_II_csv\History of MI\PMI_(44).csv,extended_lead_II,510,success,0.8756286043829297,1.1264995985957091,82,232,1.2690013456362936,0.8820408554749125,0.44204322200392926,-0.182442302255234,0.6817790674800421,History of MI
ECG Dataset\History of MI\PMI_(45).png,final_check_output\npz_data\extended_lead_II_data\History of MI\PMI_(45)_extended_leadII.npz,final_check_output\csv_data\extended_lead_II_csv\History of MI\PMI_(45).csv,extended_lead_II,510,success,1.0893810073048824,1.4116203629913537,77,259,1.9926720492118417,1.109877070663361,0.5618860510805501,0.8538621429748722,1.53048610845115,History of MI
ECG Dataset\History of MI\PMI_(46).png,final_check_output\npz_data\extended_lead_II_data\History of MI\PMI_(46)_extended_leadII.npz,final_check_output\csv_data\extended_lead_II_csv\History of MI\PMI_(46).csv,extended_lead_II,510,success,1.4597001153402538,1.8299948632547138,77,204,3.348881199538639,1.3032376186890127,0.7229862475442044,0.6024245953571017,-0.05612203277410455,History of MI
ECG Dataset\History of MI\PMI_(47).png,final_check_output\npz_data\extended_lead_II_data\History of MI\PMI_(47)_extended_leadII.npz,final_check_output\csv_data\extended_lead_II_csv\History of MI\PMI_(47).csv,extended_lead_II,510,success,1.659046520569012,2.2412032746754575,54,222,5.022992118415994,1.0406756910342563,0.5333988212180747,0.10086365636466438,0.9697800013630715,History of MI
ECG Dataset\History of MI\PMI_(48).png,final_check_output\npz_data\extended_lead_II_data\History of MI\PMI_(48)_extended_leadII.npz,final_check_output\csv_data\extended_lead_II_csv\History of MI\PMI_(48).csv,extended_lead_II,510,success,0.6849874308697843,1.0266071108831907,37,164,1.0539221601159316,0.7480264699986552,0.29469548133595286,-1.8970472702829728,6.481463088888878,History of MI
ECG Dataset\History of MI\PMI_(49).png,final_check_output\npz_data\extended_lead_II_data\History of MI\PMI_(49)_extended_leadII.npz,final_check_output\csv_data\extended_lead_II_csv\History of MI\PMI_(49).csv,extended_lead_II,510,success,0.9306504824151881,1.255852984444942,47,166,1.5771667185392677,0.661501178305916,0.3163064833005894,0.14502678493112864,0.7118560084831791,History of MI
ECG Dataset\History of MI\PMI_(5).png,final_check_output\npz_data\extended_lead_II_data\History of MI\PMI_(5)_extended_leadII.npz,final_check_output\csv_data\extended_lead_II_csv\History of MI\PMI_(5).csv,extended_lead_II,510,success,1.370049980776624,1.813600095765441,48,180,3.2891453073604167,1.0529788515957386,0.5667976424361493,1.5116287795045635,1.2142537587899467,History of MI
ECG Dataset\History of MI\PMI_(50).png,final_check_output\npz_data\extended_lead_II_data\History of MI\PMI_(50)_extended_leadII.npz,final_check_output\csv_data\extended_lead_II_csv\History of MI\PMI_(50).csv,extended_lead_II,510,success,1.264590542099192,1.6485100982467564,79,208,2.71758554402153,1.015353645554235,0.5392927308447937,1.0975633036569516,0.8175974253172757,History of MI
ECG Dataset\History of MI\PMI_(51).png,final_check_output\npz_data\extended_lead_II_data\History of MI\PMI_(51)_extended_leadII.npz,final_check_output\csv_data\extended_lead_II_csv\History of MI\PMI_(51).csv,extended_lead_II,510,success,1.6026143790849678,2.193758612001912,37,153,4.812576847732558,1.2229293435230408,0.5461689587426326,1.4302344531724143,2.118670308690036,History of MI
ECG Dataset\History of MI\PMI_(52).png,final_check_output\npz_data\extended_lead_II_data\History of MI\PMI_(52)_extended_leadII.npz,final_check_output\csv_data\extended_lead_II_csv\History of MI\PMI_(52).csv,extended_lead_II,510,success,1.2697078046905037,1.8981679215531566,37,188,3.6030414584134305,1.393313624160682,0.4960707269155206,1.9688871029882977,5.71719806246468,History of MI
ECG Dataset\History of MI\PMI_(53).png,final_check_output\npz_data\extended_lead_II_data\History of MI\PMI_(53)_extended_leadII.npz,final_check_output\csv_data\extended_lead_II_csv\History of MI\PMI_(53).csv,extended_lead_II,510,success,1.7710797622216303,2.3725513256785473,42,172,5.628999792979033,1.1293480113026353,0.5913555992141454,0.6699778062579813,0.9637686903240366,History of MI
ECG Dataset\History of MI\PMI_(54).png,final_check_output\npz_data\extended_lead_II_data\History of MI\PMI_(54)_extended_leadII.npz,final_check_output\csv_data\extended_lead_II_csv\History of MI\PMI_(54).csv,extended_lead_II,510,success,1.0874778931180318,1.4919909856011047,62,202,2.226037101114956,1.1129705027008228,0.4538310412573674,1.4726589048215473,2.44572801815732,History of MI
ECG Dataset\History of MI\PMI_(55).png,final_check_output\npz_data\extended_lead_II_data\History of MI\PMI_(55)_extended_leadII.npz,final_check_output\csv_data\extended_lead_II_csv\History of MI\PMI_(55).csv,extended_lead_II,510,success,1.4758515955401774,2.282065922590331,75,194,5.207824875048059,1.6341457156689831,0.7966601178781926,2.5129729035354504,6.655736407757887,History of MI
ECG Dataset\History of MI\PMI_(56).png,final_check_output\npz_data\extended_lead_II_data\History of MI\PMI_(56)_extended_leadII.npz,final_check_output\csv_data\extended_lead_II_csv\History of MI\PMI_(56).csv,extended_lead_II,510,success,1.4702614379084966,2.4266931963643543,50,195,5.888839869281047,1.7316253990379444,0.7043222003929273,2.0470117874698435,6.038932359800802,History of MI
ECG Dataset\History of MI\PMI_(57).png,final_check_output\npz_data\extended_lead_II_data\History of MI\PMI_(57)_extended_leadII.npz,final_check_output\csv_data\extended_lead_II_csv\History of MI\PMI_(57).csv,extended_lead_II,510,success,1.228904267589389,1.5396602330442886,70,243,2.3705536332179933,1.0761752838874783,0.5972495088408645,0.634818370548947,-0.10447726721015993,History of MI
ECG Dataset\History of MI\PMI_(58).png,final_check_output\npz_data\extended_lead_II_data\History of MI\PMI_(58)_extended_leadII.npz,final_check_output\csv_data\extended_lead_II_csv\History of MI\PMI_(58).csv,extended_lead_II,510,success,1.08356401384083,1.5079556423006883,43,148,2.2739302191464823,0.8614193067281052,0.3693516699410609,1.6146051863385833,2.974995747198043,History of MI
ECG Dataset\History of MI\PMI_(59).png,final_check_output\npz_data\extended_lead_II_data\History of MI\PMI_(59)_extended_leadII.npz,final_check_output\csv_data\extended_lead_II_csv\History of MI\PMI_(59).csv,extended_lead_II,510,success,0.9495194156093809,1.1747066023870205,54,247,1.379935601691657,0.6004255203611705,0.36738703339882123,0.19117676912389878,-0.11310274042265034,History of MI
ECG Dataset\History of MI\PMI_(6).png,final_check_output\npz_data\extended_lead_II_data\History of MI\PMI_(6)_extended_leadII.npz,final_check_output\csv_data\extended_lead_II_csv\History of MI\PMI_(6).csv,extended_lead_II,510,success,1.9080949634755844,3.8960366460650415,37,254,15.17910154748174,3.759826679531635,1.2927308447937131,-1.9194999697346125,10.806994724946358,History of MI
ECG Dataset\History of MI\PMI_(60).png,final_check_output\npz_data\extended_lead_II_data\History of MI\PMI_(60)_extended_leadII.npz,final_check_output\csv_data\extended_lead_II_csv\History of MI\PMI_(60).csv,extended_lead_II,510,success,1.2228450595924645,1.758923259900104,55,184,3.093811034217609,0.8045792320635529,0.4204322200392927,0.26562102165323753,2.7530025325228413,History of MI
ECG Dataset\History of MI\PMI_(61).png,final_check_output\npz_data\extended_lead_II_data\History of MI\PMI_(61)_extended_leadII.npz,final_check_output\csv_data\extended_lead_II_csv\History of MI\PMI_(61).csv,extended_lead_II,510,success,0.9947981545559403,1.45359098749919,71,224,2.11292675893887,1.0949518025473852,0.5157170923379175,1.7878866255653232,3.9061208126548106,History of MI
ECG Dataset\History of MI\PMI_(62).png,final_check_output\npz_data\extended_lead_II_data\History of MI\PMI_(62)_extended_leadII.npz,final_check_output\csv_data\extended_lead_II_csv\History of MI\PMI_(62).csv,extended_lead_II,510,success,0.985905420991926,1.342643747893032,63,196,1.8026922337562474,1.0656265393722786,0.46168958742632615,1.4292564899907017,3.625940263377232,History of MI
ECG Dataset\History of MI\PMI_(63).png,final_check_output\npz_data\extended_lead_II_data\History of MI\PMI_(63)_extended_leadII.npz,final_check_output\csv_data\extended_lead_II_csv\History of MI\PMI_(63).csv,extended_lead_II,510,success,1.9548212226066897,3.1862426846072758,59,235,10.152142445213379,2.3486609485988983,0.9970530451866405,2.6552760582669506,6.965588541788183,History of MI
ECG Dataset\History of MI\PMI_(64).png,final_check_output\npz_data\extended_lead_II_data\History of MI\PMI_(64)_extended_leadII.npz,final_check_output\csv_data\extended_lead_II_csv\History of MI\PMI_(64).csv,extended_lead_II,510,success,4.303598615916955,6.004056443074656,37,210,36.0486937716263,1.5084894017026158,0.9027504911591355,-0.8768168845326403,1.648440102107969,History of MI
ECG Dataset\History of MI\PMI_(65).png,final_check_output\npz_data\extended_lead_II_data\History of MI\PMI_(65)_extended_leadII.npz,final_check_output\csv_data\extended_lead_II_csv\History of MI\PMI_(65).csv,extended_lead_II,510,success,0.9679354094579014,1.3747968288608703,66,214,1.8900663206459054,1.247787826405175,0.5383104125736738,2.0166540846069108,5.591250709096961,History of MI
ECG Dataset\History of MI\PMI_(66).png,final_check_output\npz_data\extended_lead_II_data\History of MI\PMI_(66)_extended_leadII.npz,final_check_output\csv_data\extended_lead_II_csv\History of MI\PMI_(66).csv,extended_lead_II,510,success,0.8686735870818916,1.1003407252525763,54,203,1.2107497116493657,0.7001262866717701,0.35952848722986247,-0.43819383867921624,0.26043616838894934,History of MI
ECG Dataset\History of MI\PMI_(67).png,final_check_output\npz_data\extended_lead_II_data\History of MI\PMI_(67)_extended_leadII.npz,final_check_output\csv_data\extended_lead_II_csv\History of MI\PMI_(67).csv,extended_lead_II,510,success,2.561983852364475,3.765229360051615,62,229,14.176952133794693,2.3097555131337746,1.0510805500982319,1.2966936120123242,2.4292667566255313,History of MI
ECG Dataset\History of MI\PMI_(68).png,final_check_output\npz_data\extended_lead_II_data\History of MI\PMI_(68)_extended_leadII.npz,final_check_output\csv_data\extended_lead_II_csv\History of MI\PMI_(68).csv,extended_lead_II,510,success,1.8152018454440602,2.755495191169502,59,232,7.592753748558247,1.839321648254252,0.8644400785854617,1.7721212471909418,4.869826817344905,History of MI
ECG Dataset\History of MI\PMI_(69).png,final_check_output\npz_data\extended_lead_II_data\History of MI\PMI_(69)_extended_leadII.npz,final_check_output\csv_data\extended_lead_II_csv\History of MI\PMI_(69).csv,extended_lead_II,510,success,1.3008227604767397,2.0278330508127325,67,220,4.112106881968474,1.6860691197637259,0.6640471512770137,1.8722271558423855,4.969786059027325,History of MI
ECG Dataset\History of MI\PMI_(7).png,final_check_output\npz_data\extended_lead_II_data\History of MI\PMI_(7)_extended_leadII.npz,final_check_output\csv_data\extended_lead_II_csv\History of MI\PMI_(7).csv,extended_lead_II,510,success,0.47790849673202596,0.6346735046591593,63,250,0.40281045751633987,0.4032042582492576,0.22102161100196463,0.6125623771284815,1.3891447416313518,History of MI
ECG Dataset\History of MI\PMI_(70).png,final_check_output\npz_data\extended_lead_II_data\History of MI\PMI_(70)_extended_leadII.npz,final_check_output\csv_data\extended_lead_II_csv\History of MI\PMI_(70).csv,extended_lead_II,510,success,2.040315263360247,3.6877507995045495,28,194,13.599505959246445,3.2353645076023576,1.149312377210216,-1.9883226103399239,10.563826691805913,History of MI
ECG Dataset\History of MI\PMI_(71).png,final_check_output\npz_data\extended_lead_II_data\History of MI\PMI_(71)_extended_leadII.npz,final_check_output\csv_data\extended_lead_II_csv\History of MI\PMI_(71).csv,extended_lead_II,510,success,2.351643598615918,4.223538770767208,84,225,17.838279748173782,3.8329240122001624,1.6296660117878192,3.475191346063719,14.585656844846707,History of MI
ECG Dataset\History of MI\PMI_(72).png,final_check_output\npz_data\extended_lead_II_data\History of MI\PMI_(72)_extended_leadII.npz,final_check_output\csv_data\extended_lead_II_csv\History of MI\PMI_(72).csv,extended_lead_II,510,success,2.4547789311803156,4.443738602159382,73,230,19.746812764321415,1.273309195161686,0.7612966601178782,4.001216332157681,19.62675531367199,History of MI
ECG Dataset\History of MI\PMI_(73).png,final_check_output\npz_data\extended_lead_II_data\History of MI\PMI_(73)_extended_leadII.npz,final_check_output\csv_data\extended_lead_II_csv\History of MI\PMI_(73).csv,extended_lead_II,510,success,1.3519607843137256,1.673986521075141,47,227,2.8022308727412537,0.8136845302294828,0.42829076620825146,-0.0997274787246763,-0.24956837330715276,History of MI
ECG Dataset\History of MI\PMI_(74).png,final_check_output\npz_data\extended_lead_II_data\History of MI\PMI_(74)_extended_leadII.npz,final_check_output\csv_data\extended_lead_II_csv\History of MI\PMI_(74).csv,extended_lead_II,510,success,1.3400692041522493,1.8845565124852268,81,239,3.55155324875048,1.1219807772150459,0.6218074656188605,1.03213050667832,6.146319099593326,History of MI
ECG Dataset\History of MI\PMI_(75).png,final_check_output\npz_data\extended_lead_II_data\History of MI\PMI_(75)_extended_leadII.npz,final_check_output\csv_data\extended_lead_II_csv\History of MI\PMI_(75).csv,extended_lead_II,510,success,1.5510188389081114,2.1925786187992284,61,208,4.807400999615533,1.5647454396054996,0.7220039292730844,1.9657055160863397,3.8250106840544094,History of MI
ECG Dataset\History of MI\PMI_(76).png,final_check_output\npz_data\extended_lead_II_data\History of MI\PMI_(76)_extended_leadII.npz,final_check_output\csv_data\extended_lead_II_csv\History of MI\PMI_(76).csv,extended_lead_II,510,success,2.8374625144175325,4.99476042269527,31,229,24.94763168012303,4.506979961055038,1.7740667976424362,-1.6429584792565641,7.663223167873875,History of MI
ECG Dataset\History of MI\PMI_(77).png,final_check_output\npz_data\extended_lead_II_data\History of MI\PMI_(77)_extended_leadII.npz,final_check_output\csv_data\extended_lead_II_csv\History of MI\PMI_(77).csv,extended_lead_II,510,success,0.8284429065743953,1.1947923815723955,50,235,1.4275288350634372,0.6951982374768816,0.4066797642436149,-1.4075014316555667,2.073980117762236,History of MI
ECG Dataset\History of MI\PMI_(78).png,final_check_output\npz_data\extended_lead_II_data\History of MI\PMI_(78)_extended_leadII.npz,final_check_output\csv_data\extended_lead_II_csv\History of MI\PMI_(78).csv,extended_lead_II,510,success,1.5639600153787017,2.070505838007,78,177,4.286994425221069,1.569759657751506,0.8025540275049116,1.3423748804992952,1.260511076933625,History of MI
ECG Dataset\History of MI\PMI_(79).png,final_check_output\npz_data\extended_lead_II_data\History of MI\PMI_(79)_extended_leadII.npz,final_check_output\csv_data\extended_lead_II_csv\History of MI\PMI_(79).csv,extended_lead_II,510,success,1.901922337562476,2.669701452205132,51,222,7.127305843906191,2.0058852505831126,0.9607072691552063,-0.6466230450110119,1.9959833301576495,History of MI
ECG Dataset\History of MI\PMI_(8).png,final_check_output\npz_data\extended_lead_II_data\History of MI\PMI_(8)_extended_leadII.npz,final_check_output\csv_data\extended_lead_II_csv\History of MI\PMI_(8).csv,extended_lead_II,510,success,1.0591695501730105,1.4520591953162758,45,153,2.1084759067025507,0.9658545015374438,0.4086444007858546,1.668187957773994,2.7411909906898444,History of MI
ECG Dataset\History of MI\PMI_(80).png,final_check_output\npz_data\extended_lead_II_data\History of MI\PMI_(80)_extended_leadII.npz,final_check_output\csv_data\extended_lead_II_csv\History of MI\PMI_(80).csv,extended_lead_II,510,success,0.7604536716647444,0.9422461241917645,85,235,0.8878277585544021,0.680199901277151,0.40078585461689586,-0.34711226898362757,-0.17009461752485944,History of MI
ECG Dataset\History of MI\PMI_(81).png,final_check_output\npz_data\extended_lead_II_data\History of MI\PMI_(81)_extended_leadII.npz,final_check_output\csv_data\extended_lead_II_csv\History of MI\PMI_(81).csv,extended_lead_II,510,success,1.3178777393310273,1.75708156900538,65,204,3.0873356401384084,1.3094413092001052,0.6493123772102161,1.2650771976162491,2.0034233775180175,History of MI
ECG Dataset\History of MI\PMI_(82).png,final_check_output\npz_data\extended_lead_II_data\History of MI\PMI_(82)_extended_leadII.npz,final_check_output\csv_data\extended_lead_II_csv\History of MI\PMI_(82).csv,extended_lead_II,510,success,1.3355324875048056,2.0281714500968797,48,208,4.113479430988081,1.4497137445236916,0.5884086444007859,2.4546959415373153,7.068732949447128,History of MI
ECG Dataset\History of MI\PMI_(83).png,final_check_output\npz_data\extended_lead_II_data\History of MI\PMI_(83)_extended_leadII.npz,final_check_output\csv_data\extended_lead_II_csv\History of MI\PMI_(83).csv,extended_lead_II,510,success,0.942652825836217,1.1939969030039106,62,233,1.4256286043829296,0.7387000741891615,0.3742632612966601,0.37414364401224126,0.09269149745452498,History of MI
ECG Dataset\History of MI\PMI_(84).png,final_check_output\npz_data\extended_lead_II_data\History of MI\PMI_(84)_extended_leadII.npz,final_check_output\csv_data\extended_lead_II_csv\History of MI\PMI_(84).csv,extended_lead_II,510,success,1.5648366013071893,2.7793825429871,63,198,7.724967320261439,1.612360165880646,0.7003929273084479,0.5786326162961374,13.838068681509586,History of MI
ECG Dataset\History of MI\PMI_(85).png,final_check_output\npz_data\extended_lead_II_data\History of MI\PMI_(85)_extended_leadII.npz,final_check_output\csv_data\extended_lead_II_csv\History of MI\PMI_(85).csv,extended_lead_II,510,success,1.46922337562476,1.9772069609420102,57,232,3.9093473663975398,1.139141095803901,0.5717092337917485,0.36071627141018736,1.340525002217948,History of MI
ECG Dataset\History of MI\PMI_(86).png,final_check_output\npz_data\extended_lead_II_data\History of MI\PMI_(86)_extended_leadII.npz,final_check_output\csv_data\extended_lead_II_csv\History of MI\PMI_(86).csv,extended_lead_II,510,success,1.8941484044598231,2.957298298393727,61,236,8.745613225682431,1.4737386801756858,0.6994106090373281,1.6968574915247605,5.69343207466914,History of MI
ECG Dataset\History of MI\PMI_(87).png,final_check_output\npz_data\extended_lead_II_data\History of MI\PMI_(87)_extended_leadII.npz,final_check_output\csv_data\extended_lead_II_csv\History of MI\PMI_(87).csv,extended_lead_II,510,success,1.4820530565167243,1.9906391642167893,45,176,3.9626442821137164,1.2073322524753813,0.5677799607072691,-1.0979342605622457,1.4039923970234387,History of MI
ECG Dataset\History of MI\PMI_(88).png,final_check_output\npz_data\extended_lead_II_data\History of MI\PMI_(88)_extended_leadII.npz,final_check_output\csv_data\extended_lead_II_csv\History of MI\PMI_(88).csv,extended_lead_II,510,success,1.248646674356016,1.6535007658830567,83,180,2.734064782775855,1.17605447396655,0.6444007858546169,1.3119399638255465,0.7279351810071035,History of MI
ECG Dataset\History of MI\PMI_(89).png,final_check_output\npz_data\extended_lead_II_data\History of MI\PMI_(89)_extended_leadII.npz,final_check_output\csv_data\extended_lead_II_csv\History of MI\PMI_(89).csv,extended_lead_II,510,success,0.596893502499038,0.9861770504999182,41,186,0.9725451749327183,0.8753332231061937,0.3320235756385069,-2.9338774891873647,11.909356852343102,History of MI
ECG Dataset\History of MI\PMI_(9).png,final_check_output\npz_data\extended_lead_II_data\History of MI\PMI_(9)_extended_leadII.npz,final_check_output\csv_data\extended_lead_II_csv\History of MI\PMI_(9).csv,extended_lead_II,510,success,0.7892982834159306,1.070054368527676,40,169,1.1450163516051637,0.5334094755552367,0.2337917485265226,0.48083987791236366,1.9586031946850948,History of MI
ECG Dataset\History of MI\PMI_(90).png,final_check_output\npz_data\extended_lead_II_data\History of MI\PMI_(90)_extended_leadII.npz,final_check_output\csv_data\extended_lead_II_csv\History of MI\PMI_(90).csv,extended_lead_II,510,success,1.0813725490196078,1.55910251542186,66,233,2.4308006535947717,1.0061207573591742,0.5785854616895875,0.3564213765193448,1.065062179016154,History of MI
ECG Dataset\History of MI\PMI_(91).png,final_check_output\npz_data\extended_lead_II_data\History of MI\PMI_(91)_extended_leadII.npz,final_check_output\csv_data\extended_lead_II_csv\History of MI\PMI_(91).csv,extended_lead_II,510,success,1.370049980776624,1.813600095765441,48,180,3.2891453073604167,1.0529788515957386,0.5667976424361493,1.5116287795045635,1.2142537587899467,History of MI
ECG Dataset\History of MI\PMI_(92).png,final_check_output\npz_data\extended_lead_II_data\History of MI\PMI_(92)_extended_leadII.npz,final_check_output\csv_data\extended_lead_II_csv\History of MI\PMI_(92).csv,extended_lead_II,510,success,1.9080949634755844,3.8960366460650415,37,254,15.17910154748174,3.759826679531635,1.2927308447937131,-1.9194999697346125,10.806994724946358,History of MI
ECG Dataset\History of MI\PMI_(93).png,final_check_output\npz_data\extended_lead_II_data\History of MI\PMI_(93)_extended_leadII.npz,final_check_output\csv_data\extended_lead_II_csv\History of MI\PMI_(93).csv,extended_lead_II,510,success,0.47790849673202596,0.6346735046591593,63,250,0.40281045751633987,0.4032042582492576,0.22102161100196463,0.6125623771284815,1.3891447416313518,History of MI
ECG Dataset\History of MI\PMI_(94).png,final_check_output\npz_data\extended_lead_II_data\History of MI\PMI_(94)_extended_leadII.npz,final_check_output\csv_data\extended_lead_II_csv\History of MI\PMI_(94).csv,extended_lead_II,510,success,0.47790849673202596,0.6346735046591593,63,250,0.40281045751633987,0.4032042582492576,0.22102161100196463,0.6125623771284815,1.3891447416313518,History of MI
ECG Dataset\History of MI\PMI_(95).png,final_check_output\npz_data\extended_lead_II_data\History of MI\PMI_(95)_extended_leadII.npz,final_check_output\csv_data\extended_lead_II_csv\History of MI\PMI_(95).csv,extended_lead_II,510,success,0.7892982834159306,1.070054368527676,40,169,1.1450163516051637,0.5334094755552367,0.2337917485265226,0.48083987791236366,1.9586031946850948,History of MI
ECG Dataset\History of MI\PMI_(96).png,final_check_output\npz_data\extended_lead_II_data\History of MI\PMI_(96)_extended_leadII.npz,final_check_output\csv_data\extended_lead_II_csv\History of MI\PMI_(96).csv,extended_lead_II,510,success,1.552341407151096,2.089893707666149,60,195,4.367655709342561,1.1893436468962928,0.6542239685658153,0.6808099171037107,0.42233474995135767,History of MI
ECG Dataset\History of MI\PMI_(97).png,final_check_output\npz_data\extended_lead_II_data\History of MI\PMI_(97)_extended_leadII.npz,final_check_output\csv_data\extended_lead_II_csv\History of MI\PMI_(97).csv,extended_lead_II,510,success,0.7335640138408305,1.1122353501163513,61,237,1.237067474048443,0.6548144205374614,0.3388998035363458,-1.3901073397748558,2.89526545298159,History of MI
ECG Dataset\History of MI\PMI_(98).png,final_check_output\npz_data\extended_lead_II_data\History of MI\PMI_(98)_extended_leadII.npz,final_check_output\csv_data\extended_lead_II_csv\History of MI\PMI_(98).csv,extended_lead_II,510,success,2.763583237216455,4.709432994650569,35,178,22.178759131103423,2.417397649310503,1.0157170923379175,-2.104650745177192,4.560082653810256,History of MI
ECG Dataset\History of MI\PMI_(99).png,final_check_output\npz_data\extended_lead_II_data\History of MI\PMI_(99)_extended_leadII.npz,final_check_output\csv_data\extended_lead_II_csv\History of MI\PMI_(99).csv,extended_lead_II,510,success,0.7620607458669739,1.1420055160742757,48,181,1.3041765987440723,0.7167424306215637,0.33104125736738704,-2.051055873743498,5.833833301724285,History of MI
ECG Dataset\Normal Person\Normal(1).png,final_check_output\npz_data\extended_lead_II_data\Normal Person\Normal(1)_extended_leadII.npz,final_check_output\csv_data\extended_lead_II_csv\Normal Person\Normal(1).csv,extended_lead_II,510,success,0.8679123414071512,1.1043516036284617,70,235,1.219592464436755,0.7775711516473995,0.41355599214145383,0.343555481627154,0.2915030989784442,Normal Person
ECG Dataset\Normal Person\Normal(10).png,final_check_output\npz_data\extended_lead_II_data\Normal Person\Normal(10)_extended_leadII.npz,final_check_output\csv_data\extended_lead_II_csv\Normal Person\Normal(10).csv,extended_lead_II,510,success,0.5650959028768565,0.7906306423430963,43,121,0.6250968126118568,0.6593727861069593,0.2475442043222004,-0.43412995117824843,3.2138634601637577,Normal Person
ECG Dataset\Normal Person\Normal(100).png,final_check_output\npz_data\extended_lead_II_data\Normal Person\Normal(100)_extended_leadII.npz,final_check_output\csv_data\extended_lead_II_csv\Normal Person\Normal(100).csv,extended_lead_II,510,success,1.2866666666666668,1.7716586888574002,72,246,3.138774509803922,1.3567845960500087,0.6463654223968566,1.3458775547298345,3.0986245151722747,Normal Person
ECG Dataset\Normal Person\Normal(101).png,final_check_output\npz_data\extended_lead_II_data\Normal Person\Normal(101)_extended_leadII.npz,final_check_output\csv_data\extended_lead_II_csv\Normal Person\Normal(101).csv,extended_lead_II,510,success,1.0466666666666666,1.3133801126335962,87,219,1.7249673202614382,0.9233917150007486,0.5245579567779961,0.06949154929030983,-0.5999037174822477,Normal Person
ECG Dataset\Normal Person\Normal(102).png,final_check_output\npz_data\extended_lead_II_data\Normal Person\Normal(102)_extended_leadII.npz,final_check_output\csv_data\extended_lead_II_csv\Normal Person\Normal(102).csv,extended_lead_II,510,success,1.4120184544406,1.812035248453471,46,230,3.283471741637832,1.0570652928740123,0.4960707269155206,0.3894655655744905,0.5452272827085531,Normal Person
ECG Dataset\Normal Person\Normal(103).png,final_check_output\npz_data\extended_lead_II_data\Normal Person\Normal(103)_extended_leadII.npz,final_check_output\csv_data\extended_lead_II_csv\Normal Person\Normal(103).csv,extended_lead_II,510,success,0.9435294117647056,1.2242774391376923,54,195,1.4988552479815458,0.739364671781248,0.3644400785854617,0.36248510279460333,0.640513371182708,Normal Person
ECG Dataset\Normal Person\Normal(104).png,final_check_output\npz_data\extended_lead_II_data\Normal Person\Normal(104)_extended_leadII.npz,final_check_output\csv_data\extended_lead_II_csv\Normal Person\Normal(104).csv,extended_lead_II,510,success,1.3849673202614374,2.185143468975822,67,239,4.774851980007688,1.6356478262128715,0.6866404715127702,2.6382532965297067,7.483007793325015,Normal Person
ECG Dataset\Normal Person\Normal(105).png,final_check_output\npz_data\extended_lead_II_data\Normal Person\Normal(105)_extended_leadII.npz,final_check_output\csv_data\extended_lead_II_csv\Normal Person\Normal(105).csv,extended_lead_II,510,success,1.7220722798923496,2.3459907557177435,57,189,5.5036726259131115,1.678478120671136,0.7779960707269156,1.5240476334095614,2.8513961891394084,Normal Person
ECG Dataset\Normal Person\Normal(106).png,final_check_output\npz_data\extended_lead_II_data\Normal Person\Normal(106)_extended_leadII.npz,final_check_output\csv_data\extended_lead_II_csv\Normal Person\Normal(106).csv,extended_lead_II,510,success,0.8158169934640519,1.418101247992492,76,235,2.0110111495578624,1.3154290686227073,0.5117878192534381,3.1158124716688076,10.569154880756356,Normal Person
ECG Dataset\Normal Person\Normal(107).png,final_check_output\npz_data\extended_lead_II_data\Normal Person\Normal(107)_extended_leadII.npz,final_check_output\csv_data\extended_lead_II_csv\Normal Person\Normal(107).csv,extended_lead_II,510,success,1.0974625144175318,1.552560175583591,50,194,2.410443098808151,1.0472623117945687,0.4037328094302554,1.4911565363671633,4.169800958198667,Normal Person
ECG Dataset\Normal Person\Normal(108).png,final_check_output\npz_data\extended_lead_II_data\Normal Person\Normal(108)_extended_leadII.npz,final_check_output\csv_data\extended_lead_II_csv\Normal Person\Normal(108).csv,extended_lead_II,510,success,1.092918108419839,1.6631009806240338,49,176,2.765904871752623,1.2387863561815562,0.48035363457760316,1.868555155754048,5.872241343961965,Normal Person
ECG Dataset\Normal Person\Normal(109).png,final_check_output\npz_data\extended_lead_II_data\Normal Person\Normal(109)_extended_leadII.npz,final_check_output\csv_data\extended_lead_II_csv\Normal Person\Normal(109).csv,extended_lead_II,510,success,1.3852768166089962,2.0574522160428175,66,190,4.2331096212995005,1.6974643055929861,0.668958742632613,2.0100855815656593,4.849706899317809,Normal Person
ECG Dataset\Normal Person\Normal(11).png,final_check_output\npz_data\extended_lead_II_data\Normal Person\Normal(11)_extended_leadII.npz,final_check_output\csv_data\extended_lead_II_csv\Normal Person\Normal(11).csv,extended_lead_II,510,success,1.0916801230296045,1.4064223536995473,49,229,1.9780238369857746,0.7766230864889244,0.40078585461689586,0.15067349984323664,0.452955872934786,Normal Person
ECG Dataset\Normal Person\Normal(110).png,final_check_output\npz_data\extended_lead_II_data\Normal Person\Normal(110)_extended_leadII.npz,final_check_output\csv_data\extended_lead_II_csv\Normal Person\Normal(110).csv,extended_lead_II,510,success,1.1406140495413852,1.4850074913031541,57,214,2.205247249226488,0.7763821236886816,0.3929273084479371,0.9875364935319445,0.976623635529196,Normal Person
ECG Dataset\Normal Person\Normal(111).png,final_check_output\npz_data\extended_lead_II_data\Normal Person\Normal(111)_extended_leadII.npz,final_check_output\csv_data\extended_lead_II_csv\Normal Person\Normal(111).csv,extended_lead_II,510,success,1.214048442906574,2.0568674180772724,64,250,4.2307035755478655,1.9055549032222867,0.6827111984282908,3.1008199943159664,11.025343901642534,Normal Person
ECG Dataset\Normal Person\Normal(112).png,final_check_output\npz_data\extended_lead_II_data\Normal Person\Normal(112)_extended_leadII.npz,final_check_output\csv_data\extended_lead_II_csv\Normal Person\Normal(112).csv,extended_lead_II,510,success,1.2254171472510575,1.66092696796873,56,185,2.758678392925798,1.1287456744734112,0.5363457760314342,1.3998052977997801,2.4122252018889583,Normal Person
ECG Dataset\Normal Person\Normal(113).png,final_check_output\npz_data\extended_lead_II_data\Normal Person\Normal(113)_extended_leadII.npz,final_check_output\csv_data\extended_lead_II_csv\Normal Person\Normal(113).csv,extended_lead_II,510,success,2.076708958093041,2.9318059880222815,41,173,8.595486351403306,2.018212751718319,0.8477406679764243,2.0029669848530323,3.6097272608708346,Normal Person
ECG Dataset\Normal Person\Normal(114).png,final_check_output\npz_data\extended_lead_II_data\Normal Person\Normal(114)_extended_leadII.npz,final_check_output\csv_data\extended_lead_II_csv\Normal Person\Normal(114).csv,extended_lead_II,510,success,2.0538754325259525,3.061192050569989,44,189,9.370896770472894,2.1016646036155184,0.8536345776031434,1.9211784625149628,5.180766972471611,Normal Person
ECG Dataset\Normal Person\Normal(115).png,final_check_output\npz_data\extended_lead_II_data\Normal Person\Normal(115)_extended_leadII.npz,final_check_output\csv_data\extended_lead_II_csv\Normal Person\Normal(115).csv,extended_lead_II,510,success,2.0538754325259525,3.061192050569989,44,189,9.370896770472894,2.1016646036155184,0.8536345776031434,1.9211784625149628,5.180766972471611,Normal Person
ECG Dataset\Normal Person\Normal(116).png,final_check_output\npz_data\extended_lead_II_data\Normal Person\Normal(116)_extended_leadII.npz,final_check_output\csv_data\extended_lead_II_csv\Normal Person\Normal(116).csv,extended_lead_II,510,success,0.9673279507881586,1.2202334313837304,82,258,1.4889696270665127,0.8753332231061937,0.4636542239685658,0.5117633891702613,-0.009107569691289008,Normal Person
ECG Dataset\Normal Person\Normal(117).png,final_check_output\npz_data\extended_lead_II_data\Normal Person\Normal(117)_extended_leadII.npz,final_check_output\csv_data\extended_lead_II_csv\Normal Person\Normal(117).csv,extended_lead_II,510,success,0.9673279507881586,1.2202334313837304,82,258,1.4889696270665127,0.8753332231061937,0.4636542239685658,0.5117633891702613,-0.009107569691289008,Normal Person
ECG Dataset\Normal Person\Normal(118).png,final_check_output\npz_data\extended_lead_II_data\Normal Person\Normal(118)_extended_leadII.npz,final_check_output\csv_data\extended_lead_II_csv\Normal Person\Normal(118).csv,extended_lead_II,510,success,1.6766089965397937,2.340397714429936,48,160,5.477461461708867,1.5703704157254859,0.6669941060903732,1.9227387354487806,3.299033021168005,Normal Person
ECG Dataset\Normal Person\Normal(119).png,final_check_output\npz_data\extended_lead_II_data\Normal Person\Normal(119)_extended_leadII.npz,final_check_output\csv_data\extended_lead_II_csv\Normal Person\Normal(119).csv,extended_lead_II,510,success,1.0862975778546708,1.5499327167249783,88,245,2.402291426374472,1.28023358625036,0.611984282907662,1.9940937118146713,4.802068109004598,Normal Person
ECG Dataset\Normal Person\Normal(12).png,final_check_output\npz_data\extended_lead_II_data\Normal Person\Normal(12)_extended_leadII.npz,final_check_output\csv_data\extended_lead_II_csv\Normal Person\Normal(12).csv,extended_lead_II,510,success,0.6761986648491844,0.8707278690887599,47,176,0.7581670220078525,0.4051412465549001,0.20530451866404714,0.2133947816195837,0.057371712590636115,Normal Person
ECG Dataset\Normal Person\Normal(120).png,final_check_output\npz_data\extended_lead_II_data\Normal Person\Normal(120)_extended_leadII.npz,final_check_output\csv_data\extended_lead_II_csv\Normal Person\Normal(120).csv,extended_lead_II,510,success,1.1875201845444048,1.452122298413661,52,231,2.1086591695501733,0.7873009774391372,0.444007858546169,0.7905818320797453,-0.2248034308443545,Normal Person
ECG Dataset\Normal Person\Normal(121).png,final_check_output\npz_data\extended_lead_II_data\Normal Person\Normal(121)_extended_leadII.npz,final_check_output\csv_data\extended_lead_II_csv\Normal Person\Normal(121).csv,extended_lead_II,510,success,1.4833833141099582,1.9655735628533677,68,238,3.8634794309880816,1.2045264988550513,0.6444007858546169,0.49257947945902125,1.0122302789232958,Normal Person
ECG Dataset\Normal Person\Normal(122).png,final_check_output\npz_data\extended_lead_II_data\Normal Person\Normal(122)_extended_leadII.npz,final_check_output\csv_data\extended_lead_II_csv\Normal Person\Normal(122).csv,extended_lead_II,510,success,1.388396770472895,1.9249392706508857,64,209,3.7053911956939634,1.504087423785266,0.7111984282907662,1.9850522497844436,3.910129300904675,Normal Person
ECG Dataset\Normal Person\Normal(123).png,final_check_output\npz_data\extended_lead_II_data\Normal Person\Normal(123)_extended_leadII.npz,final_check_output\csv_data\extended_lead_II_csv\Normal Person\Normal(123).csv,extended_lead_II,510,success,0.7492964244521336,0.9820104291152899,50,214,0.9643444828911956,0.6570607887837859,0.28978388998035365,0.8941554193899538,1.6277788135930917,Normal Person
ECG Dataset\Normal Person\Normal(124).png,final_check_output\npz_data\extended_lead_II_data\Normal Person\Normal(124)_extended_leadII.npz,final_check_output\csv_data\extended_lead_II_csv\Normal Person\Normal(124).csv,extended_lead_II,510,success,1.1993656286043826,1.551464005809535,68,183,2.4070405613225687,0.8859301883471149,0.49705304518664045,1.0465246128876375,0.6747323794890252,Normal Person
ECG Dataset\Normal Person\Normal(125).png,final_check_output\npz_data\extended_lead_II_data\Normal Person\Normal(125)_extended_leadII.npz,final_check_output\csv_data\extended_lead_II_csv\Normal Person\Normal(125).csv,extended_lead_II,510,success,2.341099577085735,3.9003144620311985,57,223,15.212452902729718,2.2639005233374943,0.9970530451866405,3.070147605303356,10.435240168405748,Normal Person
ECG Dataset\Normal Person\Normal(126).png,final_check_output\npz_data\extended_lead_II_data\Normal Person\Normal(126)_extended_leadII.npz,final_check_output\csv_data\extended_lead_II_csv\Normal Person\Normal(126).csv,extended_lead_II,510,success,1.5352556708958098,2.8278264211861246,49,150,7.996602268358323,2.3165501753960998,0.7701375245579568,3.8590130012441555,18.2221670013276,Normal Person
ECG Dataset\Normal Person\Normal(127).png,final_check_output\npz_data\extended_lead_II_data\Normal Person\Normal(127)_extended_leadII.npz,final_check_output\csv_data\extended_lead_II_csv\Normal Person\Normal(127).csv,extended_lead_II,510,success,0.895109573241061,1.188272503138369,74,217,1.4119915417147249,0.9032249576739061,0.4587426326129666,1.1117462111936698,1.7436465971122521,Normal Person
ECG Dataset\Normal Person\Normal(128).png,final_check_output\npz_data\extended_lead_II_data\Normal Person\Normal(128)_extended_leadII.npz,final_check_output\csv_data\extended_lead_II_csv\Normal Person\Normal(128).csv,extended_lead_II,510,success,1.1028450595924641,1.4118481048351095,84,184,1.9933150711264898,1.0264191861885823,0.5550098231827112,0.9435915720213554,0.8208279406756627,Normal Person
ECG Dataset\Normal Person\Normal(129).png,final_check_output\npz_data\extended_lead_II_data\Normal Person\Normal(129)_extended_leadII.npz,final_check_output\csv_data\extended_lead_II_csv\Normal Person\Normal(129).csv,extended_lead_II,510,success,1.404821222606689,1.9792388895946376,56,224,3.917386582083814,1.6673214169047177,0.6817288801571709,1.9464163736564042,4.959361400789234,Normal Person
ECG Dataset\Normal Person\Normal(13).png,final_check_output\npz_data\extended_lead_II_data\Normal Person\Normal(13)_extended_leadII.npz,final_check_output\csv_data\extended_lead_II_csv\Normal Person\Normal(13).csv,extended_lead_II,510,success,0.6406855678797907,0.8384933845114169,41,173,0.7030711558694107,0.45244325976668387,0.2131630648330059,-0.7752013534346455,1.426459504361957,Normal Person
ECG Dataset\Normal Person\Normal(130).png,final_check_output\npz_data\extended_lead_II_data\Normal Person\Normal(130)_extended_leadII.npz,final_check_output\csv_data\extended_lead_II_csv\Normal Person\Normal(130).csv,extended_lead_II,510,success,1.4855786236063049,1.9151957647660804,64,196,3.667974817377932,1.2846379628056055,0.6326129666011788,1.2049712035812097,0.8064853777669674,Normal Person
ECG Dataset\Normal Person\Normal(131).png,final_check_output\npz_data\extended_lead_II_data\Normal Person\Normal(131)_extended_leadII.npz,final_check_output\csv_data\extended_lead_II_csv\Normal Person\Normal(131).csv,extended_lead_II,510,success,1.1675009611687812,1.576965888927356,65,190,2.486821414840446,1.0902316763216018,0.5265225933202358,1.42742347872765,1.8360900403253044,Normal Person
ECG Dataset\Normal Person\Normal(132).png,final_check_output\npz_data\extended_lead_II_data\Normal Person\Normal(132)_extended_leadII.npz,final_check_output\csv_data\extended_lead_II_csv\Normal Person\Normal(132).csv,extended_lead_II,510,success,1.3342099192618215,2.0679015546386745,82,219,4.276216839677048,1.7138061823462798,0.7799607072691552,2.3730630673814233,6.57155138891104,Normal Person
ECG Dataset\Normal Person\Normal(133).png,final_check_output\npz_data\extended_lead_II_data\Normal Person\Normal(133)_extended_leadII.npz,final_check_output\csv_data\extended_lead_II_csv\Normal Person\Normal(133).csv,extended_lead_II,510,success,1.9169780853517888,2.455473528650611,48,190,6.029350249903883,1.5216189289797462,0.7779960707269156,1.2418161050986753,0.4566123064334273,Normal Person
ECG Dataset\Normal Person\Normal(134).png,final_check_output\npz_data\extended_lead_II_data\Normal Person\Normal(134)_extended_leadII.npz,final_check_output\csv_data\extended_lead_II_csv\Normal Person\Normal(134).csv,extended_lead_II,510,success,1.4671741637831612,2.238204160116014,54,212,5.009557862360632,1.725516351636299,0.7642436149312377,2.4567416533932,6.18750511915534,Normal Person
ECG Dataset\Normal Person\Normal(135).png,final_check_output\npz_data\extended_lead_II_data\Normal Person\Normal(135)_extended_leadII.npz,final_check_output\csv_data\extended_lead_II_csv\Normal Person\Normal(135).csv,extended_lead_II,510,success,1.5101768550557477,2.027857935036501,53,199,4.112207804690504,1.3103787001922327,0.5658153241650294,1.5450364336774935,2.555843787551013,Normal Person
ECG Dataset\Normal Person\Normal(136).png,final_check_output\npz_data\extended_lead_II_data\Normal Person\Normal(136)_extended_leadII.npz,final_check_output\csv_data\extended_lead_II_csv\Normal Person\Normal(136).csv,extended_lead_II,510,success,0.9584698193002693,1.2455210027305776,75,202,1.5513225682429836,0.9078353537231011,0.481335952848723,0.7820378832449323,0.47701091313049027,Normal Person
ECG Dataset\Normal Person\Normal(137).png,final_check_output\npz_data\extended_lead_II_data\Normal Person\Normal(137)_extended_leadII.npz,final_check_output\csv_data\extended_lead_II_csv\Normal Person\Normal(137).csv,extended_lead_II,510,success,1.0788158400615149,1.6056117945847463,69,232,2.5779892349096505,1.28100065257817,0.5550098231827112,0.7054163776434351,4.256960637492585,Normal Person
ECG Dataset\Normal Person\Normal(138).png,final_check_output\npz_data\extended_lead_II_data\Normal Person\Normal(138)_extended_leadII.npz,final_check_output\csv_data\extended_lead_II_csv\Normal Person\Normal(138).csv,extended_lead_II,510,success,1.4615532487504808,1.9504898880889128,63,192,3.804410803537101,1.1907881525953696,0.6355599214145383,1.4077606648927996,1.302840496411772,Normal Person
ECG Dataset\Normal Person\Normal(139).png,final_check_output\npz_data\extended_lead_II_data\Normal Person\Normal(139)_extended_leadII.npz,final_check_output\csv_data\extended_lead_II_csv\Normal Person\Normal(139).csv,extended_lead_II,510,success,1.0239907727797002,1.3682864483325499,75,216,1.8722078046905037,0.9547729340524972,0.4636542239685658,1.0123241533013145,1.0383311662856416,Normal Person
ECG Dataset\Normal Person\Normal(14).png,final_check_output\npz_data\extended_lead_II_data\Normal Person\Normal(14)_extended_leadII.npz,final_check_output\csv_data\extended_lead_II_csv\Normal Person\Normal(14).csv,extended_lead_II,510,success,0.6568012302960401,0.877206852517876,54,178,0.7694918621043189,0.7684640529360361,0.29862475442043224,1.2698138672904833,3.647731841548917,Normal Person
ECG Dataset\Normal Person\Normal(140).png,final_check_output\npz_data\extended_lead_II_data\Normal Person\Normal(140)_extended_leadII.npz,final_check_output\csv_data\extended_lead_II_csv\Normal Person\Normal(140).csv,extended_lead_II,510,success,1.0030565167243368,1.45407889884283,73,234,2.114345444059977,1.224945369857595,0.5510805500982319,2.2352097797749377,6.507519663203306,Normal Person
ECG Dataset\Normal Person\Normal(141).png,final_check_output\npz_data\extended_lead_II_data\Normal Person\Normal(141)_extended_leadII.npz,final_check_output\csv_data\extended_lead_II_csv\Normal Person\Normal(141).csv,extended_lead_II,510,success,1.1029131652661064,1.4234230193887338,70,216,2.026133092125739,0.9949575835849122,0.5009823182711198,1.074259466228037,0.603804021481217,Normal Person
ECG Dataset\Normal Person\Normal(142).png,final_check_output\npz_data\extended_lead_II_data\Normal Person\Normal(142)_extended_leadII.npz,final_check_output\csv_data\extended_lead_II_csv\Normal Person\Normal(142).csv,extended_lead_II,510,success,1.009976931949251,1.3309830063408068,64,230,1.771515763168012,0.9753846654420848,0.4724950884086444,1.176119343278941,1.4095320580010018,Normal Person
ECG Dataset\Normal Person\Normal(143).png,final_check_output\npz_data\extended_lead_II_data\Normal Person\Normal(143)_extended_leadII.npz,final_check_output\csv_data\extended_lead_II_csv\Normal Person\Normal(143).csv,extended_lead_II,510,success,1.5229219530949627,1.9406852220551951,59,209,3.766259131103422,1.258565934776858,0.6846758349705304,1.0257893925849666,0.31096458007939587,Normal Person
ECG Dataset\Normal Person\Normal(144).png,final_check_output\npz_data\extended_lead_II_data\Normal Person\Normal(144)_extended_leadII.npz,final_check_output\csv_data\extended_lead_II_csv\Normal Person\Normal(144).csv,extended_lead_II,510,success,1.2411880046136101,1.7734448651522037,63,196,3.145106689734718,0.8691390858148994,0.4675834970530452,-0.09013254674300224,2.1536750641545064,Normal Person
ECG Dataset\Normal Person\Normal(145).png,final_check_output\npz_data\extended_lead_II_data\Normal Person\Normal(145)_extended_leadII.npz,final_check_output\csv_data\extended_lead_II_csv\Normal Person\Normal(145).csv,extended_lead_II,510,success,1.1490003844675134,1.6433024976577353,62,205,2.7004430988081505,1.2723444937616153,0.5677799607072691,1.8961964986195166,3.7082373589601536,Normal Person
ECG Dataset\Normal Person\Normal(146).png,final_check_output\npz_data\extended_lead_II_data\Normal Person\Normal(146)_extended_leadII.npz,final_check_output\csv_data\extended_lead_II_csv\Normal Person\Normal(146).csv,extended_lead_II,510,success,1.3082122260668974,1.6761506402642128,72,191,2.8094809688581317,1.3520703763318045,0.68762278978389,1.4246605654677431,2.2713918904984354,Normal Person
ECG Dataset\Normal Person\Normal(147).png,final_check_output\npz_data\extended_lead_II_data\Normal Person\Normal(147)_extended_leadII.npz,final_check_output\csv_data\extended_lead_II_csv\Normal Person\Normal(147).csv,extended_lead_II,510,success,0.9933794694348332,1.2801192544648614,72,218,1.6387053056516725,0.920995020134194,0.4449901768172888,0.3946711005772508,0.6391634874632595,Normal Person
ECG Dataset\Normal Person\Normal(148).png,final_check_output\npz_data\extended_lead_II_data\Normal Person\Normal(148)_extended_leadII.npz,final_check_output\csv_data\extended_lead_II_csv\Normal Person\Normal(148).csv,extended_lead_II,510,success,1.0760246059208,1.3598222993796072,66,213,1.8491166858900423,0.8280447773168129,0.4636542239685658,0.8014017081962509,0.44591999064461874,Normal Person
ECG Dataset\Normal Person\Normal(149).png,final_check_output\npz_data\extended_lead_II_data\Normal Person\Normal(149)_extended_leadII.npz,final_check_output\csv_data\extended_lead_II_csv\Normal Person\Normal(149).csv,extended_lead_II,510,success,1.6783198769703953,2.4034971077140277,75,221,5.776798346789697,2.05582692887634,0.9243614931237721,1.8941419192705797,4.073867392833707,Normal Person
ECG Dataset\Normal Person\Normal(15).png,final_check_output\npz_data\extended_lead_II_data\Normal Person\Normal(15)_extended_leadII.npz,final_check_output\csv_data\extended_lead_II_csv\Normal Person\Normal(15).csv,extended_lead_II,510,success,0.8904753416518115,1.20199462430518,55,189,1.4447910768585508,0.5624351285249639,0.31728880157170924,0.9753367206956525,0.7819081474683869,Normal Person
ECG Dataset\Normal Person\Normal(150).png,final_check_output\npz_data\extended_lead_II_data\Normal Person\Normal(150)_extended_leadII.npz,final_check_output\csv_data\extended_lead_II_csv\Normal Person\Normal(150).csv,extended_lead_II,510,success,0.8679123414071512,1.1043516036284617,70,235,1.219592464436755,0.7775711516473995,0.41355599214145383,0.343555481627154,0.2915030989784442,Normal Person
ECG Dataset\Normal Person\Normal(151).png,final_check_output\npz_data\extended_lead_II_data\Normal Person\Normal(151)_extended_leadII.npz,final_check_output\csv_data\extended_lead_II_csv\Normal Person\Normal(151).csv,extended_lead_II,510,success,1.0211224540967272,1.915853210803012,38,158,3.6704935253442104,1.5232366831460407,0.5481335952848723,-3.15065010497514,10.612731912612535,Normal Person
ECG Dataset\Normal Person\Normal(152).png,final_check_output\npz_data\extended_lead_II_data\Normal Person\Normal(152)_extended_leadII.npz,final_check_output\csv_data\extended_lead_II_csv\Normal Person\Normal(152).csv,extended_lead_II,510,success,0.5289696270665133,0.6647094973584387,68,226,0.4418387158785082,0.4685596371811009,0.224950884086444,0.23629534513276504,0.5738111603194782,Normal Person
ECG Dataset\Normal Person\Normal(153).png,final_check_output\npz_data\extended_lead_II_data\Normal Person\Normal(153)_extended_leadII.npz,final_check_output\csv_data\extended_lead_II_csv\Normal Person\Normal(153).csv,extended_lead_II,510,success,0.6752133794694346,0.8710214652497364,66,207,0.7586783929257976,0.6733051924066883,0.3330058939096267,0.38850166850204376,0.735732518985794,Normal Person
ECG Dataset\Normal Person\Normal(154).png,final_check_output\npz_data\extended_lead_II_data\Normal Person\Normal(154)_extended_leadII.npz,final_check_output\csv_data\extended_lead_II_csv\Normal Person\Normal(154).csv,extended_lead_II,510,success,0.5258169934640526,0.6249836599171202,47,171,0.39060457516339875,0.27323284686345467,0.11787819253438114,-0.35162322063283585,-0.3973065664080897,Normal Person
ECG Dataset\Normal Person\Normal(155).png,final_check_output\npz_data\extended_lead_II_data\Normal Person\Normal(155)_extended_leadII.npz,final_check_output\csv_data\extended_lead_II_csv\Normal Person\Normal(155).csv,extended_lead_II,510,success,0.5332322733014773,0.6798216367212385,43,196,0.46215745775434364,0.33436084499466145,0.16699410609037327,-0.0141953862234817,-0.03530735288842779,Normal Person
ECG Dataset\Normal Person\Normal(156).png,final_check_output\npz_data\extended_lead_II_data\Normal Person\Normal(156)_extended_leadII.npz,final_check_output\csv_data\extended_lead_II_csv\Normal Person\Normal(156).csv,extended_lead_II,510,success,0.9879286965330792,1.417234878981044,43,155,2.0085547022004153,0.6345320715158744,0.3555992141453831,-1.7258385484759118,2.979710268732897,Normal Person
ECG Dataset\Normal Person\Normal(157).png,final_check_output\npz_data\extended_lead_II_data\Normal Person\Normal(157)_extended_leadII.npz,final_check_output\csv_data\extended_lead_II_csv\Normal Person\Normal(157).csv,extended_lead_II,510,success,1.070495963091118,1.3668864284446063,46,269,1.8683785082660516,0.5684916104908042,0.3280943025540275,-1.0850410987686288,0.19244822087180946,Normal Person
ECG Dataset\Normal Person\Normal(158).png,final_check_output\npz_data\extended_lead_II_data\Normal Person\Normal(158)_extended_leadII.npz,final_check_output\csv_data\extended_lead_II_csv\Normal Person\Normal(158).csv,extended_lead_II,510,success,0.8631325229941146,1.2243615516666708,28,135,1.4990612091996176,0.5112186583537766,0.23673870333988212,0.8843689400623445,2.0323999361149054,Normal Person
ECG Dataset\Normal Person\Normal(159).png,final_check_output\npz_data\extended_lead_II_data\Normal Person\Normal(159)_extended_leadII.npz,final_check_output\csv_data\extended_lead_II_csv\Normal Person\Normal(159).csv,extended_lead_II,510,success,0.5650959028768565,0.7906306423430963,43,121,0.6250968126118568,0.6593727861069593,0.2475442043222004,-0.43412995117824843,3.2138634601637577,Normal Person
ECG Dataset\Normal Person\Normal(16).png,final_check_output\npz_data\extended_lead_II_data\Normal Person\Normal(16)_extended_leadII.npz,final_check_output\csv_data\extended_lead_II_csv\Normal Person\Normal(16).csv,extended_lead_II,510,success,0.9424106113033448,1.1927090030246392,40,163,1.422554765896029,0.7449121637723327,0.3280943025540275,0.11504342885595406,0.2970278526526706,Normal Person
ECG Dataset\Normal Person\Normal(160).png,final_check_output\npz_data\extended_lead_II_data\Normal Person\Normal(160)_extended_leadII.npz,final_check_output\csv_data\extended_lead_II_csv\Normal Person\Normal(160).csv,extended_lead_II,510,success,1.0916801230296045,1.4064223536995473,49,229,1.9780238369857746,0.7766230864889244,0.40078585461689586,0.15067349984323664,0.452955872934786,Normal Person
ECG Dataset\Normal Person\Normal(161).png,final_check_output\npz_data\extended_lead_II_data\Normal Person\Normal(161)_extended_leadII.npz,final_check_output\csv_data\extended_lead_II_csv\Normal Person\Normal(161).csv,extended_lead_II,510,success,0.6761986648491844,0.8707278690887599,47,176,0.7581670220078525,0.4051412465549001,0.20530451866404714,0.2133947816195837,0.057371712590636115,Normal Person
ECG Dataset\Normal Person\Normal(162).png,final_check_output\npz_data\extended_lead_II_data\Normal Person\Normal(162)_extended_leadII.npz,final_check_output\csv_data\extended_lead_II_csv\Normal Person\Normal(162).csv,extended_lead_II,510,success,0.6406855678797907,0.8384933845114169,41,173,0.7030711558694107,0.45244325976668387,0.2131630648330059,-0.7752013534346455,1.426459504361957,Normal Person
ECG Dataset\Normal Person\Normal(163).png,final_check_output\npz_data\extended_lead_II_data\Normal Person\Normal(163)_extended_leadII.npz,final_check_output\csv_data\extended_lead_II_csv\Normal Person\Normal(163).csv,extended_lead_II,510,success,0.6568012302960401,0.877206852517876,54,178,0.7694918621043189,0.7684640529360361,0.29862475442043224,1.2698138672904833,3.647731841548917,Normal Person
ECG Dataset\Normal Person\Normal(164).png,final_check_output\npz_data\extended_lead_II_data\Normal Person\Normal(164)_extended_leadII.npz,final_check_output\csv_data\extended_lead_II_csv\Normal Person\Normal(164).csv,extended_lead_II,510,success,0.8904753416518115,1.20199462430518,55,189,1.4447910768585508,0.5624351285249639,0.31728880157170924,0.9753367206956525,0.7819081474683869,Normal Person
ECG Dataset\Normal Person\Normal(165).png,final_check_output\npz_data\extended_lead_II_data\Normal Person\Normal(165)_extended_leadII.npz,final_check_output\csv_data\extended_lead_II_csv\Normal Person\Normal(165).csv,extended_lead_II,510,success,0.9424106113033448,1.1927090030246392,40,163,1.422554765896029,0.7449121637723327,0.3280943025540275,0.11504342885595406,0.2970278526526706,Normal Person
ECG Dataset\Normal Person\Normal(166).png,final_check_output\npz_data\extended_lead_II_data\Normal Person\Normal(166)_extended_leadII.npz,final_check_output\csv_data\extended_lead_II_csv\Normal Person\Normal(166).csv,extended_lead_II,510,success,0.9424106113033448,1.1927090030246392,40,163,1.422554765896029,0.7449121637723327,0.3280943025540275,0.11504342885595406,0.2970278526526706,Normal Person
ECG Dataset\Normal Person\Normal(167).png,final_check_output\npz_data\extended_lead_II_data\Normal Person\Normal(167)_extended_leadII.npz,final_check_output\csv_data\extended_lead_II_csv\Normal Person\Normal(167).csv,extended_lead_II,510,success,0.890188389081123,1.3718821909577272,51,183,1.882060745866974,1.1447325336836855,0.4675834970530452,-2.427913931881138,8.484889388895603,Normal Person
ECG Dataset\Normal Person\Normal(168).png,final_check_output\npz_data\extended_lead_II_data\Normal Person\Normal(168)_extended_leadII.npz,final_check_output\csv_data\extended_lead_II_csv\Normal Person\Normal(168).csv,extended_lead_II,510,success,0.7711649365628592,1.1815987091307498,69,221,1.3961755094194541,0.8418685364194142,0.4037328094302554,1.8763321979265466,5.596908493414647,Normal Person
ECG Dataset\Normal Person\Normal(169).png,final_check_output\npz_data\extended_lead_II_data\Normal Person\Normal(169)_extended_leadII.npz,final_check_output\csv_data\extended_lead_II_csv\Normal Person\Normal(169).csv,extended_lead_II,510,success,0.7584143222506392,1.03838670711487,44,162,1.0782469535128627,0.5335942422942587,0.24263261296660119,0.2882792691877421,2.3242772516493533,Normal Person
ECG Dataset\Normal Person\Normal(17).png,final_check_output\npz_data\extended_lead_II_data\Normal Person\Normal(17)_extended_leadII.npz,final_check_output\csv_data\extended_lead_II_csv\Normal Person\Normal(17).csv,extended_lead_II,510,success,0.890188389081123,1.3718821909577272,51,183,1.882060745866974,1.1447325336836855,0.4675834970530452,-2.427913931881138,8.484889388895603,Normal Person
ECG Dataset\Normal Person\Normal(170).png,final_check_output\npz_data\extended_lead_II_data\Normal Person\Normal(170)_extended_leadII.npz,final_check_output\csv_data\extended_lead_II_csv\Normal Person\Normal(170).csv,extended_lead_II,510,success,1.3612802768166086,1.8078022871201733,28,193,3.2681491093169295,0.5843965425342612,0.3477406679764244,0.6181061792489881,0.3801918839628442,Normal Person
ECG Dataset\Normal Person\Normal(171).png,final_check_output\npz_data\extended_lead_II_data\Normal Person\Normal(171)_extended_leadII.npz,final_check_output\csv_data\extended_lead_II_csv\Normal Person\Normal(171).csv,extended_lead_II,510,success,0.8736831987697037,1.1425296034046126,49,183,1.3053738946559015,0.6178421158816959,0.3182711198428291,0.7969840722275399,1.4309427206344498,Normal Person
ECG Dataset\Normal Person\Normal(172).png,final_check_output\npz_data\extended_lead_II_data\Normal Person\Normal(172)_extended_leadII.npz,final_check_output\csv_data\extended_lead_II_csv\Normal Person\Normal(172).csv,extended_lead_II,510,success,1.0709573241061132,1.3959269580747742,70,206,1.9486120722798923,0.9992629897045723,0.5333988212180747,0.9330666787488783,0.7494069147628024,Normal Person
ECG Dataset\Normal Person\Normal(173).png,final_check_output\npz_data\extended_lead_II_data\Normal Person\Normal(173)_extended_leadII.npz,final_check_output\csv_data\extended_lead_II_csv\Normal Person\Normal(173).csv,extended_lead_II,510,success,0.838153923708702,1.120038300781236,47,161,1.2544857952169182,0.554110228047222,0.2907662082514735,0.6084938999376529,0.7531100981362169,Normal Person
ECG Dataset\Normal Person\Normal(174).png,final_check_output\npz_data\extended_lead_II_data\Normal Person\Normal(174)_extended_leadII.npz,final_check_output\csv_data\extended_lead_II_csv\Normal Person\Normal(174).csv,extended_lead_II,510,success,1.4831487889273358,2.6545719449071625,62,232,7.046752210688197,1.877249796282433,0.7003929273084479,0.5593217127872593,6.335369961286835,Normal Person
ECG Dataset\Normal Person\Normal(175).png,final_check_output\npz_data\extended_lead_II_data\Normal Person\Normal(175)_extended_leadII.npz,final_check_output\csv_data\extended_lead_II_csv\Normal Person\Normal(175).csv,extended_lead_II,510,success,1.5265474817377935,1.9297806219232485,59,232,3.7240532487504803,0.8511519987351754,0.537328094302554,0.7183175254394658,0.09238057502737274,Normal Person
ECG Dataset\Normal Person\Normal(176).png,final_check_output\npz_data\extended_lead_II_data\Normal Person\Normal(176)_extended_leadII.npz,final_check_output\csv_data\extended_lead_II_csv\Normal Person\Normal(176).csv,extended_lead_II,510,success,1.3393174222932012,1.9337728396277296,61,187,3.739477395281894,1.376710837042326,0.600196463654224,1.799522690255472,4.510399732453006,Normal Person
ECG Dataset\Normal Person\Normal(177).png,final_check_output\npz_data\extended_lead_II_data\Normal Person\Normal(177)_extended_leadII.npz,final_check_output\csv_data\extended_lead_II_csv\Normal Person\Normal(177).csv,extended_lead_II,510,success,1.3707266435986154,2.2693450489453175,74,217,5.149926951172625,1.8539502772858634,0.7583497053045186,2.7939871155284295,7.7251914357082985,Normal Person
ECG Dataset\Normal Person\Normal(178).png,final_check_output\npz_data\extended_lead_II_data\Normal Person\Normal(178)_extended_leadII.npz,final_check_output\csv_data\extended_lead_II_csv\Normal Person\Normal(178).csv,extended_lead_II,510,success,0.9412049955972269,1.3336767402952334,48,191,1.7786936476045194,1.0737802348006116,0.39587426326129665,-1.8152397612571378,5.51299630841455,Normal Person
ECG Dataset\Normal Person\Normal(179).png,final_check_output\npz_data\extended_lead_II_data\Normal Person\Normal(179)_extended_leadII.npz,final_check_output\csv_data\extended_lead_II_csv\Normal Person\Normal(179).csv,extended_lead_II,510,success,0.8934640522875827,1.3962367722499671,58,245,1.9494771241830067,1.110098315970186,0.47838899803536344,-2.3750450330819333,8.331649601019638,Normal Person
ECG Dataset\Normal Person\Normal(18).png,final_check_output\npz_data\extended_lead_II_data\Normal Person\Normal(18)_extended_leadII.npz,final_check_output\csv_data\extended_lead_II_csv\Normal Person\Normal(18).csv,extended_lead_II,510,success,0.7711649365628592,1.1815987091307498,69,221,1.3961755094194541,0.8418685364194142,0.4037328094302554,1.8763321979265466,5.596908493414647,Normal Person
ECG Dataset\Normal Person\Normal(180).png,final_check_output\npz_data\extended_lead_II_data\Normal Person\Normal(180)_extended_leadII.npz,final_check_output\csv_data\extended_lead_II_csv\Normal Person\Normal(180).csv,extended_lead_II,510,success,1.3413571703191085,2.2134729965941053,46,204,4.8994627066512875,1.7586441017502163,0.6768172888015717,2.738032363298693,9.0454604319711,Normal Person
ECG Dataset\Normal Person\Normal(181).png,final_check_output\npz_data\extended_lead_II_data\Normal Person\Normal(181)_extended_leadII.npz,final_check_output\csv_data\extended_lead_II_csv\Normal Person\Normal(181).csv,extended_lead_II,510,success,1.0243036497898688,1.5049808224923564,45,143,2.2649672760697697,1.2907451641721785,0.47347740667976423,-1.7729388884464286,5.061107670118629,Normal Person
ECG Dataset\Normal Person\Normal(182).png,final_check_output\npz_data\extended_lead_II_data\Normal Person\Normal(182)_extended_leadII.npz,final_check_output\csv_data\extended_lead_II_csv\Normal Person\Normal(182).csv,extended_lead_II,510,success,1.127697039600154,1.493622222427575,54,217,2.230907343329489,1.1440887624075287,0.537328094302554,-0.09702281764099378,1.0254198128693055,Normal Person
ECG Dataset\Normal Person\Normal(183).png,final_check_output\npz_data\extended_lead_II_data\Normal Person\Normal(183)_extended_leadII.npz,final_check_output\csv_data\extended_lead_II_csv\Normal Person\Normal(183).csv,extended_lead_II,510,success,0.8979481864985416,1.3680087664597755,50,142,1.871447985110797,1.2038630655246225,0.481335952848723,-1.8940045086472665,6.313035092669896,Normal Person
ECG Dataset\Normal Person\Normal(184).png,final_check_output\npz_data\extended_lead_II_data\Normal Person\Normal(184)_extended_leadII.npz,final_check_output\csv_data\extended_lead_II_csv\Normal Person\Normal(184).csv,extended_lead_II,510,success,0.7045328719723184,1.0556729633808122,75,243,1.1144454056132258,0.8775747971301118,0.412573673870334,-2.1249522459543795,5.950805388684145,Normal Person
ECG Dataset\Normal Person\Normal(185).png,final_check_output\npz_data\extended_lead_II_data\Normal Person\Normal(185)_extended_leadII.npz,final_check_output\csv_data\extended_lead_II_csv\Normal Person\Normal(185).csv,extended_lead_II,510,success,0.6928489042675896,0.951564405270569,70,231,0.9054748173779317,0.9339692846953911,0.3713163064833006,1.2979725593800653,4.118489107056029,Normal Person
ECG Dataset\Normal Person\Normal(186).png,final_check_output\npz_data\extended_lead_II_data\Normal Person\Normal(186)_extended_leadII.npz,final_check_output\csv_data\extended_lead_II_csv\Normal Person\Normal(186).csv,extended_lead_II,510,success,0.7299346405228758,0.9937139026205872,73,236,0.9874673202614378,0.957085047328216,0.41355599214145383,1.3424272327700038,2.983620787172433,Normal Person
ECG Dataset\Normal Person\Normal(187).png,final_check_output\npz_data\extended_lead_II_data\Normal Person\Normal(187)_extended_leadII.npz,final_check_output\csv_data\extended_lead_II_csv\Normal Person\Normal(187).csv,extended_lead_II,510,success,1.4471049596309113,2.579049045031063,35,180,6.651493976675637,0.7598512590118364,0.3428290766208251,-2.125734678401536,9.418467267010048,Normal Person
ECG Dataset\Normal Person\Normal(188).png,final_check_output\npz_data\extended_lead_II_data\Normal Person\Normal(188)_extended_leadII.npz,final_check_output\csv_data\extended_lead_II_csv\Normal Person\Normal(188).csv,extended_lead_II,510,success,0.7777239523260286,1.2472330005382635,63,232,1.5555901576316802,0.8436169672465853,0.3899803536345776,-2.2890598413521546,5.894555564342227,Normal Person
ECG Dataset\Normal Person\Normal(189).png,final_check_output\npz_data\extended_lead_II_data\Normal Person\Normal(189)_extended_leadII.npz,final_check_output\csv_data\extended_lead_II_csv\Normal Person\Normal(189).csv,extended_lead_II,510,success,1.1222991157247215,1.952292641746048,51,214,3.811446559015763,1.2918818609426377,0.5108055009823183,-2.3554049896176386,7.6457729621244095,Normal Person
ECG Dataset\Normal Person\Normal(19).png,final_check_output\npz_data\extended_lead_II_data\Normal Person\Normal(19)_extended_leadII.npz,final_check_output\csv_data\extended_lead_II_csv\Normal Person\Normal(19).csv,extended_lead_II,510,success,0.7584143222506392,1.03838670711487,44,162,1.0782469535128627,0.5335942422942587,0.24263261296660119,0.2882792691877421,2.3242772516493533,Normal Person
ECG Dataset\Normal Person\Normal(190).png,final_check_output\npz_data\extended_lead_II_data\Normal Person\Normal(190)_extended_leadII.npz,final_check_output\csv_data\extended_lead_II_csv\Normal Person\Normal(190).csv,extended_lead_II,510,success,0.5367880485527539,0.794339285043757,52,182,0.6309748997638271,0.8392641418215149,0.3094302554027505,0.6829630467292704,3.913674733636122,Normal Person
ECG Dataset\Normal Person\Normal(191).png,final_check_output\npz_data\extended_lead_II_data\Normal Person\Normal(191)_extended_leadII.npz,final_check_output\csv_data\extended_lead_II_csv\Normal Person\Normal(191).csv,extended_lead_II,510,success,1.270334486735871,2.160625950568468,44,188,4.6683044982698965,1.6027358731177102,0.5776031434184676,2.842830498282953,8.468162028300174,Normal Person
ECG Dataset\Normal Person\Normal(192).png,final_check_output\npz_data\extended_lead_II_data\Normal Person\Normal(192)_extended_leadII.npz,final_check_output\csv_data\extended_lead_II_csv\Normal Person\Normal(192).csv,extended_lead_II,510,success,1.0963744713571708,1.462713713388295,54,193,2.1395314073341756,0.7924856417471166,0.4302554027504912,0.8973774007698728,1.082781795823256,Normal Person
ECG Dataset\Normal Person\Normal(193).png,final_check_output\npz_data\extended_lead_II_data\Normal Person\Normal(193)_extended_leadII.npz,final_check_output\csv_data\extended_lead_II_csv\Normal Person\Normal(193).csv,extended_lead_II,510,success,1.0236601307189537,1.2627482695937113,51,168,1.5945331923619117,0.7089566385821159,0.3418467583497053,0.8978861137373346,0.0540073961790446,Normal Person
ECG Dataset\Normal Person\Normal(194).png,final_check_output\npz_data\extended_lead_II_data\Normal Person\Normal(194)_extended_leadII.npz,final_check_output\csv_data\extended_lead_II_csv\Normal Person\Normal(194).csv,extended_lead_II,510,success,0.8549019607843137,1.1639711817553473,71,211,1.3548289119569397,0.9529707454325629,0.468565815324165,1.251012262800643,2.0327396581020825,Normal Person
ECG Dataset\Normal Person\Normal(195).png,final_check_output\npz_data\extended_lead_II_data\Normal Person\Normal(195)_extended_leadII.npz,final_check_output\csv_data\extended_lead_II_csv\Normal Person\Normal(195).csv,extended_lead_II,510,success,0.9693002691272581,1.472725570993683,72,217,2.16892060745867,1.1451615134752784,0.4911591355599214,2.2497454827117966,5.943002868739944,Normal Person
ECG Dataset\Normal Person\Normal(196).png,final_check_output\npz_data\extended_lead_II_data\Normal Person\Normal(196)_extended_leadII.npz,final_check_output\csv_data\extended_lead_II_csv\Normal Person\Normal(196).csv,extended_lead_II,510,success,0.8876009227220297,1.3233133447454506,85,226,1.751158208381392,1.4456424598798507,0.6277013752455796,1.0161333185794652,4.095862928041723,Normal Person
ECG Dataset\Normal Person\Normal(197).png,final_check_output\npz_data\extended_lead_II_data\Normal Person\Normal(197)_extended_leadII.npz,final_check_output\csv_data\extended_lead_II_csv\Normal Person\Normal(197).csv,extended_lead_II,510,success,0.9254901960784314,1.2330449489832052,73,223,1.520399846212995,0.9094569721998439,0.5009823182711198,0.15327738343505554,0.7777315340988422,Normal Person
ECG Dataset\Normal Person\Normal(198).png,final_check_output\npz_data\extended_lead_II_data\Normal Person\Normal(198)_extended_leadII.npz,final_check_output\csv_data\extended_lead_II_csv\Normal Person\Normal(198).csv,extended_lead_II,510,success,0.9972318339100348,1.3122192858116866,83,263,1.7219194540561322,1.021622808606402,0.4823182711198428,0.6426693392618921,0.8338991034023389,Normal Person
ECG Dataset\Normal Person\Normal(199).png,final_check_output\npz_data\extended_lead_II_data\Normal Person\Normal(199)_extended_leadII.npz,final_check_output\csv_data\extended_lead_II_csv\Normal Person\Normal(199).csv,extended_lead_II,510,success,0.9494694348327567,1.1995565789737346,72,245,1.4389359861591695,0.7744064207628085,0.4430255402750491,-0.12127292750253114,0.19818734876067046,Normal Person
ECG Dataset\Normal Person\Normal(2).png,final_check_output\npz_data\extended_lead_II_data\Normal Person\Normal(2)_extended_leadII.npz,final_check_output\csv_data\extended_lead_II_csv\Normal Person\Normal(2).csv,extended_lead_II,510,success,1.0211224540967272,1.915853210803012,38,158,3.6704935253442104,1.5232366831460407,0.5481335952848723,-3.15065010497514,10.612731912612535,Normal Person
ECG Dataset\Normal Person\Normal(20).png,final_check_output\npz_data\extended_lead_II_data\Normal Person\Normal(20)_extended_leadII.npz,final_check_output\csv_data\extended_lead_II_csv\Normal Person\Normal(20).csv,extended_lead_II,510,success,1.3612802768166086,1.8078022871201733,28,193,3.2681491093169295,0.5843965425342612,0.3477406679764244,0.6181061792489881,0.3801918839628442,Normal Person
ECG Dataset\Normal Person\Normal(200).png,final_check_output\npz_data\extended_lead_II_data\Normal Person\Normal(200)_extended_leadII.npz,final_check_output\csv_data\extended_lead_II_csv\Normal Person\Normal(200).csv,extended_lead_II,510,success,1.3416378316032296,1.6904329141198011,71,208,2.857563437139562,1.1335220768140135,0.6227897838899804,0.9951374682226142,0.13586827743536345,Normal Person
ECG Dataset\Normal Person\Normal(201).png,final_check_output\npz_data\extended_lead_II_data\Normal Person\Normal(201)_extended_leadII.npz,final_check_output\csv_data\extended_lead_II_csv\Normal Person\Normal(201).csv,extended_lead_II,510,success,0.5580853517877742,0.6876568710616794,74,190,0.4728719723183391,0.5092465253446885,0.26129666011787817,1.0986135166389546,1.177510638331139,Normal Person
ECG Dataset\Normal Person\Normal(202).png,final_check_output\npz_data\extended_lead_II_data\Normal Person\Normal(202)_extended_leadII.npz,final_check_output\csv_data\extended_lead_II_csv\Normal Person\Normal(202).csv,extended_lead_II,510,success,1.1764705882352933,1.8750686261950993,82,244,3.5158823529411762,1.860561632256864,0.7524557956777996,2.666105084628922,8.144147288827797,Normal Person
ECG Dataset\Normal Person\Normal(203).png,final_check_output\npz_data\extended_lead_II_data\Normal Person\Normal(203)_extended_leadII.npz,final_check_output\csv_data\extended_lead_II_csv\Normal Person\Normal(203).csv,extended_lead_II,510,success,1.0691580161476355,1.333101190863867,52,200,1.7771587850826602,0.918324689723839,0.45284872298624756,-0.27726880890018085,-0.28005771351549535,Normal Person
ECG Dataset\Normal Person\Normal(204).png,final_check_output\npz_data\extended_lead_II_data\Normal Person\Normal(204)_extended_leadII.npz,final_check_output\csv_data\extended_lead_II_csv\Normal Person\Normal(204).csv,extended_lead_II,510,success,1.219937571079441,1.659294209382976,44,126,2.753257273291875,1.0060859160747186,0.4086444007858546,1.8945956262227723,3.291505084657313,Normal Person
ECG Dataset\Normal Person\Normal(205).png,final_check_output\npz_data\extended_lead_II_data\Normal Person\Normal(205)_extended_leadII.npz,final_check_output\csv_data\extended_lead_II_csv\Normal Person\Normal(205).csv,extended_lead_II,510,success,1.0057823913879278,1.4668076677181083,60,206,2.1515247340766366,1.2173989370002718,0.444007858546169,2.162770365717988,6.263686810266506,Normal Person
ECG Dataset\Normal Person\Normal(206).png,final_check_output\npz_data\extended_lead_II_data\Normal Person\Normal(206)_extended_leadII.npz,final_check_output\csv_data\extended_lead_II_csv\Normal Person\Normal(206).csv,extended_lead_II,510,success,1.2545098039215685,1.7654521842407531,81,230,3.116821414840446,1.7092145969159087,0.7858546168958742,1.0490148008317066,1.7852059063381098,Normal Person
ECG Dataset\Normal Person\Normal(207).png,final_check_output\npz_data\extended_lead_II_data\Normal Person\Normal(207)_extended_leadII.npz,final_check_output\csv_data\extended_lead_II_csv\Normal Person\Normal(207).csv,extended_lead_II,510,success,1.0274509803921568,1.300756884918921,42,204,1.6919684736639753,0.6061246022055377,0.3045186640471513,-0.0733653538658325,0.5272915084489576,Normal Person
ECG Dataset\Normal Person\Normal(208).png,final_check_output\npz_data\extended_lead_II_data\Normal Person\Normal(208)_extended_leadII.npz,final_check_output\csv_data\extended_lead_II_csv\Normal Person\Normal(208).csv,extended_lead_II,510,success,1.2023683198769701,1.573367837285136,63,265,2.4754863514033065,1.2345310031110746,0.5432220039292731,1.2026290801224038,1.9894489124276875,Normal Person
ECG Dataset\Normal Person\Normal(209).png,final_check_output\npz_data\extended_lead_II_data\Normal Person\Normal(209)_extended_leadII.npz,final_check_output\csv_data\extended_lead_II_csv\Normal Person\Normal(209).csv,extended_lead_II,510,success,2.1925394079200315,3.2165819585505577,40,174,10.346399496072937,2.4410571836830584,0.9901768172888016,2.391286306126618,6.1410666033713035,Normal Person
ECG Dataset\Normal Person\Normal(21).png,final_check_output\npz_data\extended_lead_II_data\Normal Person\Normal(21)_extended_leadII.npz,final_check_output\csv_data\extended_lead_II_csv\Normal Person\Normal(21).csv,extended_lead_II,510,success,0.8736831987697037,1.1425296034046126,49,183,1.3053738946559015,0.6178421158816959,0.3182711198428291,0.7969840722275399,1.4309427206344498,Normal Person
ECG Dataset\Normal Person\Normal(210).png,final_check_output\npz_data\extended_lead_II_data\Normal Person\Normal(210)_extended_leadII.npz,final_check_output\csv_data\extended_lead_II_csv\Normal Person\Normal(210).csv,extended_lead_II,510,success,1.33683967704729,1.8341080464434072,64,194,3.3639523260284503,1.5019633516257043,0.6394891944990176,1.5312143200418584,2.2064427207260175,Normal Person
ECG Dataset\Normal Person\Normal(211).png,final_check_output\npz_data\extended_lead_II_data\Normal Person\Normal(211)_extended_leadII.npz,final_check_output\csv_data\extended_lead_II_csv\Normal Person\Normal(211).csv,extended_lead_II,510,success,1.9138638985005765,2.5849102230459047,54,206,6.681760861207228,1.537034626169242,0.6856581532416502,0.7109665450458045,0.7228006835360152,Normal Person
ECG Dataset\Normal Person\Normal(212).png,final_check_output\npz_data\extended_lead_II_data\Normal Person\Normal(212)_extended_leadII.npz,final_check_output\csv_data\extended_lead_II_csv\Normal Person\Normal(212).csv,extended_lead_II,510,success,1.1701576316801225,1.8346707924231394,65,207,3.36601691657055,1.4519142570493557,0.6365422396856582,2.546261967045996,6.698501522094919,Normal Person
ECG Dataset\Normal Person\Normal(213).png,final_check_output\npz_data\extended_lead_II_data\Normal Person\Normal(213)_extended_leadII.npz,final_check_output\csv_data\extended_lead_II_csv\Normal Person\Normal(213).csv,extended_lead_II,510,success,0.7893617839292585,1.030182140265979,74,207,1.061275242122993,0.75441135692845,0.3693516699410609,0.8570836536658603,1.8064884384495548,Normal Person
ECG Dataset\Normal Person\Normal(214).png,final_check_output\npz_data\extended_lead_II_data\Normal Person\Normal(214)_extended_leadII.npz,final_check_output\csv_data\extended_lead_II_csv\Normal Person\Normal(214).csv,extended_lead_II,510,success,0.9456632064590541,1.1812033073794244,74,241,1.3952412533640908,0.8800897435932293,0.46070726915520627,0.9569183586232679,0.1704241635275543,Normal Person
ECG Dataset\Normal Person\Normal(215).png,final_check_output\npz_data\extended_lead_II_data\Normal Person\Normal(215)_extended_leadII.npz,final_check_output\csv_data\extended_lead_II_csv\Normal Person\Normal(215).csv,extended_lead_II,510,success,1.7329873125720876,2.2886183458809053,59,167,5.237773933102653,1.4145608216938286,0.6895874263261297,1.1203077977761102,1.075343971652158,Normal Person
ECG Dataset\Normal Person\Normal(216).png,final_check_output\npz_data\extended_lead_II_data\Normal Person\Normal(216)_extended_leadII.npz,final_check_output\csv_data\extended_lead_II_csv\Normal Person\Normal(216).csv,extended_lead_II,510,success,1.2873125720876584,1.6677508007984927,85,206,2.7813927335640143,1.1905819019395234,0.630648330058939,1.2825575295859077,1.3047229794952147,Normal Person
ECG Dataset\Normal Person\Normal(217).png,final_check_output\npz_data\extended_lead_II_data\Normal Person\Normal(217)_extended_leadII.npz,final_check_output\csv_data\extended_lead_II_csv\Normal Person\Normal(217).csv,extended_lead_II,510,success,0.7408304498269901,0.9414669690570412,79,209,0.8863600538254517,0.8543198905808311,0.4086444007858546,0.8815802283877276,0.33420899350506206,Normal Person
ECG Dataset\Normal Person\Normal(218).png,final_check_output\npz_data\extended_lead_II_data\Normal Person\Normal(218)_extended_leadII.npz,final_check_output\csv_data\extended_lead_II_csv\Normal Person\Normal(218).csv,extended_lead_II,510,success,0.8653517877739325,1.25886476018239,58,170,1.5847404844290656,0.9439081904007918,0.4066797642436149,2.1160798214592815,4.992142083113722,Normal Person
ECG Dataset\Normal Person\Normal(219).png,final_check_output\npz_data\extended_lead_II_data\Normal Person\Normal(219)_extended_leadII.npz,final_check_output\csv_data\extended_lead_II_csv\Normal Person\Normal(219).csv,extended_lead_II,510,success,0.774755863129566,1.0027782437182144,72,194,1.0055642060745869,0.725280245273974,0.38212180746561886,0.990752307596066,0.38491449850905335,Normal Person
ECG Dataset\Normal Person\Normal(22).png,final_check_output\npz_data\extended_lead_II_data\Normal Person\Normal(22)_extended_leadII.npz,final_check_output\csv_data\extended_lead_II_csv\Normal Person\Normal(22).csv,extended_lead_II,510,success,1.0709573241061132,1.3959269580747742,70,206,1.9486120722798923,0.9992629897045723,0.5333988212180747,0.9330666787488783,0.7494069147628024,Normal Person
ECG Dataset\Normal Person\Normal(220).png,final_check_output\npz_data\extended_lead_II_data\Normal Person\Normal(220)_extended_leadII.npz,final_check_output\csv_data\extended_lead_II_csv\Normal Person\Normal(220).csv,extended_lead_II,510,success,1.8191387927720113,2.3516777653810523,58,229,5.530388312187619,1.3288028794136162,0.7003929273084479,1.1437061134100222,0.497675142226051,Normal Person
ECG Dataset\Normal Person\Normal(221).png,final_check_output\npz_data\extended_lead_II_data\Normal Person\Normal(221)_extended_leadII.npz,final_check_output\csv_data\extended_lead_II_csv\Normal Person\Normal(221).csv,extended_lead_II,510,success,1.8191387927720113,2.3516777653810523,58,229,5.530388312187619,1.3288028794136162,0.7003929273084479,1.1437061134100222,0.497675142226051,Normal Person
ECG Dataset\Normal Person\Normal(222).png,final_check_output\npz_data\extended_lead_II_data\Normal Person\Normal(222)_extended_leadII.npz,final_check_output\csv_data\extended_lead_II_csv\Normal Person\Normal(222).csv,extended_lead_II,510,success,1.0865974625144177,2.0278674146604736,60,193,4.112246251441753,1.722810104506183,0.6218074656188605,3.2933742514286903,11.26178556122976,Normal Person
ECG Dataset\Normal Person\Normal(223).png,final_check_output\npz_data\extended_lead_II_data\Normal Person\Normal(223)_extended_leadII.npz,final_check_output\csv_data\extended_lead_II_csv\Normal Person\Normal(223).csv,extended_lead_II,510,success,1.1873587081891572,1.5838125299258174,77,213,2.5084621299500194,1.291121259251188,0.5756385068762279,1.6119260628322367,2.678013277722015,Normal Person
ECG Dataset\Normal Person\Normal(224).png,final_check_output\npz_data\extended_lead_II_data\Normal Person\Normal(224)_extended_leadII.npz,final_check_output\csv_data\extended_lead_II_csv\Normal Person\Normal(224).csv,extended_lead_II,510,success,0.5760630526720497,0.7746347214560224,88,217,0.6000589516852493,0.7481914452657339,0.3614931237721022,1.3609779990697193,2.709632848490367,Normal Person
ECG Dataset\Normal Person\Normal(225).png,final_check_output\npz_data\extended_lead_II_data\Normal Person\Normal(225)_extended_leadII.npz,final_check_output\csv_data\extended_lead_II_csv\Normal Person\Normal(225).csv,extended_lead_II,510,success,1.3499269511726264,1.776979107410602,78,193,3.1576547481737793,1.5546684875208518,0.7848722986247544,-0.23567910006538567,1.1448050247903616,Normal Person
ECG Dataset\Normal Person\Normal(226).png,final_check_output\npz_data\extended_lead_II_data\Normal Person\Normal(226)_extended_leadII.npz,final_check_output\csv_data\extended_lead_II_csv\Normal Person\Normal(226).csv,extended_lead_II,510,success,0.9921914648212223,1.48564856423523,55,187,2.2071516564141995,1.0544678387944013,0.4292730844793713,1.8323345133512094,5.424459955134148,Normal Person
ECG Dataset\Normal Person\Normal(227).png,final_check_output\npz_data\extended_lead_II_data\Normal Person\Normal(227)_extended_leadII.npz,final_check_output\csv_data\extended_lead_II_csv\Normal Person\Normal(227).csv,extended_lead_II,510,success,1.2928258362168399,1.8438213165297508,57,198,3.399677047289504,1.3038028103102433,0.574656188605108,1.7193671597494427,3.2077452291728816,Normal Person
ECG Dataset\Normal Person\Normal(228).png,final_check_output\npz_data\extended_lead_II_data\Normal Person\Normal(228)_extended_leadII.npz,final_check_output\csv_data\extended_lead_II_csv\Normal Person\Normal(228).csv,extended_lead_II,510,success,0.9533256439830841,1.4166477824012182,57,185,2.0068909393822887,1.1344605127014546,0.4194499017681729,2.2866014113586806,6.827878509939177,Normal Person
ECG Dataset\Normal Person\Normal(229).png,final_check_output\npz_data\extended_lead_II_data\Normal Person\Normal(229)_extended_leadII.npz,final_check_output\csv_data\extended_lead_II_csv\Normal Person\Normal(229).csv,extended_lead_II,510,success,1.4396865111051964,1.9622593999019278,41,152,3.850461952503474,1.2480300330025753,0.5402750491159135,1.732832707658972,2.136063711526595,Normal Person
ECG Dataset\Normal Person\Normal(23).png,final_check_output\npz_data\extended_lead_II_data\Normal Person\Normal(23)_extended_leadII.npz,final_check_output\csv_data\extended_lead_II_csv\Normal Person\Normal(23).csv,extended_lead_II,510,success,0.838153923708702,1.120038300781236,47,161,1.2544857952169182,0.554110228047222,0.2907662082514735,0.6084938999376529,0.7531100981362169,Normal Person
ECG Dataset\Normal Person\Normal(230).png,final_check_output\npz_data\extended_lead_II_data\Normal Person\Normal(230)_extended_leadII.npz,final_check_output\csv_data\extended_lead_II_csv\Normal Person\Normal(230).csv,extended_lead_II,510,success,1.4579354094579007,1.8570710796848682,57,203,3.4487129950019217,1.0465585852204475,0.5461689587426326,0.6096625199052923,0.33470544147492776,Normal Person
ECG Dataset\Normal Person\Normal(231).png,final_check_output\npz_data\extended_lead_II_data\Normal Person\Normal(231)_extended_leadII.npz,final_check_output\csv_data\extended_lead_II_csv\Normal Person\Normal(231).csv,extended_lead_II,510,success,1.2362309368191728,1.987110334135739,62,174,3.9486074800290494,1.7670799333762022,0.6542239685658153,2.6816084878330986,9.246719362846923,Normal Person
ECG Dataset\Normal Person\Normal(232).png,final_check_output\npz_data\extended_lead_II_data\Normal Person\Normal(232)_extended_leadII.npz,final_check_output\csv_data\extended_lead_II_csv\Normal Person\Normal(232).csv,extended_lead_II,510,success,1.141826220684353,1.626845209726197,69,218,2.6466253364090733,1.1856211224385702,0.5225933202357563,1.779917211251249,3.782072081373511,Normal Person
ECG Dataset\Normal Person\Normal(233).png,final_check_output\npz_data\extended_lead_II_data\Normal Person\Normal(233)_extended_leadII.npz,final_check_output\csv_data\extended_lead_II_csv\Normal Person\Normal(233).csv,extended_lead_II,510,success,0.8248366013071895,1.103101852251885,54,221,1.2168336964415394,0.9098469301852952,0.42337917485265225,0.953750600934014,2.067606093977889,Normal Person
ECG Dataset\Normal Person\Normal(234).png,final_check_output\npz_data\extended_lead_II_data\Normal Person\Normal(234)_extended_leadII.npz,final_check_output\csv_data\extended_lead_II_csv\Normal Person\Normal(234).csv,extended_lead_II,510,success,1.0491234140715109,1.3803312291589525,77,210,1.9053143021914651,0.7133308239800651,0.4675834970530452,0.8831230392398691,0.7014605283097617,Normal Person
ECG Dataset\Normal Person\Normal(235).png,final_check_output\npz_data\extended_lead_II_data\Normal Person\Normal(235)_extended_leadII.npz,final_check_output\csv_data\extended_lead_II_csv\Normal Person\Normal(235).csv,extended_lead_II,510,success,1.0491234140715109,1.3803312291589525,77,210,1.9053143021914651,0.7133308239800651,0.4675834970530452,0.8831230392398691,0.7014605283097617,Normal Person
ECG Dataset\Normal Person\Normal(236).png,final_check_output\npz_data\extended_lead_II_data\Normal Person\Normal(236)_extended_leadII.npz,final_check_output\csv_data\extended_lead_II_csv\Normal Person\Normal(236).csv,extended_lead_II,510,success,1.3453287197231827,1.9026037421427335,65,191,3.619900999615533,1.4638740753384278,0.6532416502946955,1.8428189324344315,4.1656797337909595,Normal Person
ECG Dataset\Normal Person\Normal(237).png,final_check_output\npz_data\extended_lead_II_data\Normal Person\Normal(237)_extended_leadII.npz,final_check_output\csv_data\extended_lead_II_csv\Normal Person\Normal(237).csv,extended_lead_II,510,success,1.1784544405997688,1.5508750367032913,70,205,2.405213379469435,1.0432682514103389,0.5225933202357563,1.608952478034492,5.449369369907787,Normal Person
ECG Dataset\Normal Person\Normal(238).png,final_check_output\npz_data\extended_lead_II_data\Normal Person\Normal(238)_extended_leadII.npz,final_check_output\csv_data\extended_lead_II_csv\Normal Person\Normal(238).csv,extended_lead_II,510,success,1.2239984621299496,1.622611514701906,71,223,2.6328681276432135,0.9873960117837443,0.5235756385068763,1.3658639717468832,1.0100276508126607,Normal Person
ECG Dataset\Normal Person\Normal(239).png,final_check_output\npz_data\extended_lead_II_data\Normal Person\Normal(239)_extended_leadII.npz,final_check_output\csv_data\extended_lead_II_csv\Normal Person\Normal(239).csv,extended_lead_II,510,success,1.9983544790465195,2.6209295714557714,45,188,6.869271818531334,1.5520820669773274,0.7092337917485265,1.3343680461891987,1.253954647456041,Normal Person
ECG Dataset\Normal Person\Normal(24).png,final_check_output\npz_data\extended_lead_II_data\Normal Person\Normal(24)_extended_leadII.npz,final_check_output\csv_data\extended_lead_II_csv\Normal Person\Normal(24).csv,extended_lead_II,510,success,1.4831487889273358,2.6545719449071625,62,232,7.046752210688197,1.877249796282433,0.7003929273084479,0.5593217127872593,6.335369961286835,Normal Person
ECG Dataset\Normal Person\Normal(240).png,final_check_output\npz_data\extended_lead_II_data\Normal Person\Normal(240)_extended_leadII.npz,final_check_output\csv_data\extended_lead_II_csv\Normal Person\Normal(240).csv,extended_lead_II,510,success,1.7654440599769325,2.306498558788116,50,201,5.3199356016916575,1.537034626169242,0.724950884086444,1.468767653444803,1.2026792176624106,Normal Person
ECG Dataset\Normal Person\Normal(241).png,final_check_output\npz_data\extended_lead_II_data\Normal Person\Normal(241)_extended_leadII.npz,final_check_output\csv_data\extended_lead_II_csv\Normal Person\Normal(241).csv,extended_lead_II,510,success,1.6961130334486736,2.3568164574098094,59,176,5.554583813917724,1.4880004647526577,0.7328094302554028,1.674191770766159,1.974416139144843,Normal Person
ECG Dataset\Normal Person\Normal(242).png,final_check_output\npz_data\extended_lead_II_data\Normal Person\Normal(242)_extended_leadII.npz,final_check_output\csv_data\extended_lead_II_csv\Normal Person\Normal(242).csv,extended_lead_II,510,success,2.0843867743175695,2.7024966385746185,38,215,7.303488081507114,1.2760064789730259,0.6257367387033399,1.0741694350329114,2.2606769083970315,Normal Person
ECG Dataset\Normal Person\Normal(243).png,final_check_output\npz_data\extended_lead_II_data\Normal Person\Normal(243)_extended_leadII.npz,final_check_output\csv_data\extended_lead_II_csv\Normal Person\Normal(243).csv,extended_lead_II,510,success,1.305778546712802,1.850896527262622,71,204,3.425817954632834,1.6380483379814683,0.7082514734774067,2.064587184484731,4.726419479613579,Normal Person
ECG Dataset\Normal Person\Normal(244).png,final_check_output\npz_data\extended_lead_II_data\Normal Person\Normal(244)_extended_leadII.npz,final_check_output\csv_data\extended_lead_II_csv\Normal Person\Normal(244).csv,extended_lead_II,510,success,0.948635140330642,1.4254713163245252,74,237,2.0319684736639756,1.1604991812600751,0.5245579567779961,2.141457669550064,6.018428354518258,Normal Person
ECG Dataset\Normal Person\Normal(245).png,final_check_output\npz_data\extended_lead_II_data\Normal Person\Normal(245)_extended_leadII.npz,final_check_output\csv_data\extended_lead_II_csv\Normal Person\Normal(245).csv,extended_lead_II,510,success,0.948635140330642,1.4254713163245252,74,237,2.0319684736639756,1.1604991812600751,0.5245579567779961,2.141457669550064,6.018428354518258,Normal Person
ECG Dataset\Normal Person\Normal(246).png,final_check_output\npz_data\extended_lead_II_data\Normal Person\Normal(246)_extended_leadII.npz,final_check_output\csv_data\extended_lead_II_csv\Normal Person\Normal(246).csv,extended_lead_II,510,success,1.7376470588235309,2.6971662689483833,52,177,7.274705882352942,2.1065665880251423,0.8575638506876228,2.7105046273754754,7.901016543523699,Normal Person
ECG Dataset\Normal Person\Normal(247).png,final_check_output\npz_data\extended_lead_II_data\Normal Person\Normal(247)_extended_leadII.npz,final_check_output\csv_data\extended_lead_II_csv\Normal Person\Normal(247).csv,extended_lead_II,510,success,1.2866666666666668,1.7716586888574002,72,246,3.138774509803922,1.3567845960500087,0.6463654223968566,1.3458775547298345,3.0986245151722747,Normal Person
ECG Dataset\Normal Person\Normal(248).png,final_check_output\npz_data\extended_lead_II_data\Normal Person\Normal(248)_extended_leadII.npz,final_check_output\csv_data\extended_lead_II_csv\Normal Person\Normal(248).csv,extended_lead_II,510,success,1.0466666666666666,1.3133801126335962,87,219,1.7249673202614382,0.9233917150007486,0.5245579567779961,0.06949154929030983,-0.5999037174822477,Normal Person
ECG Dataset\Normal Person\Normal(249).png,final_check_output\npz_data\extended_lead_II_data\Normal Person\Normal(249)_extended_leadII.npz,final_check_output\csv_data\extended_lead_II_csv\Normal Person\Normal(249).csv,extended_lead_II,510,success,1.4120184544406,1.812035248453471,46,230,3.283471741637832,1.0570652928740123,0.4960707269155206,0.3894655655744905,0.5452272827085531,Normal Person
ECG Dataset\Normal Person\Normal(25).png,final_check_output\npz_data\extended_lead_II_data\Normal Person\Normal(25)_extended_leadII.npz,final_check_output\csv_data\extended_lead_II_csv\Normal Person\Normal(25).csv,extended_lead_II,510,success,1.5265474817377935,1.9297806219232485,59,232,3.7240532487504803,0.8511519987351754,0.537328094302554,0.7183175254394658,0.09238057502737274,Normal Person
ECG Dataset\Normal Person\Normal(250).png,final_check_output\npz_data\extended_lead_II_data\Normal Person\Normal(250)_extended_leadII.npz,final_check_output\csv_data\extended_lead_II_csv\Normal Person\Normal(250).csv,extended_lead_II,510,success,0.9435294117647056,1.2242774391376923,54,195,1.4988552479815458,0.739364671781248,0.3644400785854617,0.36248510279460333,0.640513371182708,Normal Person
ECG Dataset\Normal Person\Normal(251).png,final_check_output\npz_data\extended_lead_II_data\Normal Person\Normal(251)_extended_leadII.npz,final_check_output\csv_data\extended_lead_II_csv\Normal Person\Normal(251).csv,extended_lead_II,510,success,1.3849673202614374,2.185143468975822,67,239,4.774851980007688,1.6356478262128715,0.6866404715127702,2.6382532965297067,7.483007793325015,Normal Person
ECG Dataset\Normal Person\Normal(252).png,final_check_output\npz_data\extended_lead_II_data\Normal Person\Normal(252)_extended_leadII.npz,final_check_output\csv_data\extended_lead_II_csv\Normal Person\Normal(252).csv,extended_lead_II,510,success,1.7220722798923496,2.3459907557177435,57,189,5.5036726259131115,1.678478120671136,0.7779960707269156,1.5240476334095614,2.8513961891394084,Normal Person
ECG Dataset\Normal Person\Normal(253).png,final_check_output\npz_data\extended_lead_II_data\Normal Person\Normal(253)_extended_leadII.npz,final_check_output\csv_data\extended_lead_II_csv\Normal Person\Normal(253).csv,extended_lead_II,510,success,0.8158169934640519,1.418101247992492,76,235,2.0110111495578624,1.3154290686227073,0.5117878192534381,3.1158124716688076,10.569154880756356,Normal Person
ECG Dataset\Normal Person\Normal(254).png,final_check_output\npz_data\extended_lead_II_data\Normal Person\Normal(254)_extended_leadII.npz,final_check_output\csv_data\extended_lead_II_csv\Normal Person\Normal(254).csv,extended_lead_II,510,success,1.0974625144175318,1.552560175583591,50,194,2.410443098808151,1.0472623117945687,0.4037328094302554,1.4911565363671633,4.169800958198667,Normal Person
ECG Dataset\Normal Person\Normal(255).png,final_check_output\npz_data\extended_lead_II_data\Normal Person\Normal(255)_extended_leadII.npz,final_check_output\csv_data\extended_lead_II_csv\Normal Person\Normal(255).csv,extended_lead_II,510,success,1.092918108419839,1.6631009806240338,49,176,2.765904871752623,1.2387863561815562,0.48035363457760316,1.868555155754048,5.872241343961965,Normal Person
ECG Dataset\Normal Person\Normal(256).png,final_check_output\npz_data\extended_lead_II_data\Normal Person\Normal(256)_extended_leadII.npz,final_check_output\csv_data\extended_lead_II_csv\Normal Person\Normal(256).csv,extended_lead_II,510,success,1.3852768166089962,2.0574522160428175,66,190,4.2331096212995005,1.6974643055929861,0.668958742632613,2.0100855815656593,4.849706899317809,Normal Person
ECG Dataset\Normal Person\Normal(257).png,final_check_output\npz_data\extended_lead_II_data\Normal Person\Normal(257)_extended_leadII.npz,final_check_output\csv_data\extended_lead_II_csv\Normal Person\Normal(257).csv,extended_lead_II,510,success,1.1406140495413852,1.4850074913031541,57,214,2.205247249226488,0.7763821236886816,0.3929273084479371,0.9875364935319445,0.976623635529196,Normal Person
ECG Dataset\Normal Person\Normal(258).png,final_check_output\npz_data\extended_lead_II_data\Normal Person\Normal(258)_extended_leadII.npz,final_check_output\csv_data\extended_lead_II_csv\Normal Person\Normal(258).csv,extended_lead_II,510,success,1.214048442906574,2.0568674180772724,64,250,4.2307035755478655,1.9055549032222867,0.6827111984282908,3.1008199943159664,11.025343901642534,Normal Person
ECG Dataset\Normal Person\Normal(259).png,final_check_output\npz_data\extended_lead_II_data\Normal Person\Normal(259)_extended_leadII.npz,final_check_output\csv_data\extended_lead_II_csv\Normal Person\Normal(259).csv,extended_lead_II,510,success,1.2254171472510575,1.66092696796873,56,185,2.758678392925798,1.1287456744734112,0.5363457760314342,1.3998052977997801,2.4122252018889583,Normal Person
ECG Dataset\Normal Person\Normal(26).png,final_check_output\npz_data\extended_lead_II_data\Normal Person\Normal(26)_extended_leadII.npz,final_check_output\csv_data\extended_lead_II_csv\Normal Person\Normal(26).csv,extended_lead_II,510,success,1.3393174222932012,1.9337728396277296,61,187,3.739477395281894,1.376710837042326,0.600196463654224,1.799522690255472,4.510399732453006,Normal Person
ECG Dataset\Normal Person\Normal(260).png,final_check_output\npz_data\extended_lead_II_data\Normal Person\Normal(260)_extended_leadII.npz,final_check_output\csv_data\extended_lead_II_csv\Normal Person\Normal(260).csv,extended_lead_II,510,success,2.076708958093041,2.9318059880222815,41,173,8.595486351403306,2.018212751718319,0.8477406679764243,2.0029669848530323,3.6097272608708346,Normal Person
ECG Dataset\Normal Person\Normal(261).png,final_check_output\npz_data\extended_lead_II_data\Normal Person\Normal(261)_extended_leadII.npz,final_check_output\csv_data\extended_lead_II_csv\Normal Person\Normal(261).csv,extended_lead_II,510,success,2.0538754325259525,3.061192050569989,44,189,9.370896770472894,2.1016646036155184,0.8536345776031434,1.9211784625149628,5.180766972471611,Normal Person
ECG Dataset\Normal Person\Normal(262).png,final_check_output\npz_data\extended_lead_II_data\Normal Person\Normal(262)_extended_leadII.npz,final_check_output\csv_data\extended_lead_II_csv\Normal Person\Normal(262).csv,extended_lead_II,510,success,0.9673279507881586,1.2202334313837304,82,258,1.4889696270665127,0.8753332231061937,0.4636542239685658,0.5117633891702613,-0.009107569691289008,Normal Person
ECG Dataset\Normal Person\Normal(263).png,final_check_output\npz_data\extended_lead_II_data\Normal Person\Normal(263)_extended_leadII.npz,final_check_output\csv_data\extended_lead_II_csv\Normal Person\Normal(263).csv,extended_lead_II,510,success,1.6766089965397937,2.340397714429936,48,160,5.477461461708867,1.5703704157254859,0.6669941060903732,1.9227387354487806,3.299033021168005,Normal Person
ECG Dataset\Normal Person\Normal(264).png,final_check_output\npz_data\extended_lead_II_data\Normal Person\Normal(264)_extended_leadII.npz,final_check_output\csv_data\extended_lead_II_csv\Normal Person\Normal(264).csv,extended_lead_II,510,success,1.0862975778546708,1.5499327167249783,88,245,2.402291426374472,1.28023358625036,0.611984282907662,1.9940937118146713,4.802068109004598,Normal Person
ECG Dataset\Normal Person\Normal(265).png,final_check_output\npz_data\extended_lead_II_data\Normal Person\Normal(265)_extended_leadII.npz,final_check_output\csv_data\extended_lead_II_csv\Normal Person\Normal(265).csv,extended_lead_II,510,success,1.1875201845444048,1.452122298413661,52,231,2.1086591695501733,0.7873009774391372,0.444007858546169,0.7905818320797453,-0.2248034308443545,Normal Person
ECG Dataset\Normal Person\Normal(266).png,final_check_output\npz_data\extended_lead_II_data\Normal Person\Normal(266)_extended_leadII.npz,final_check_output\csv_data\extended_lead_II_csv\Normal Person\Normal(266).csv,extended_lead_II,510,success,1.4833833141099582,1.9655735628533677,68,238,3.8634794309880816,1.2045264988550513,0.6444007858546169,0.49257947945902125,1.0122302789232958,Normal Person
ECG Dataset\Normal Person\Normal(267).png,final_check_output\npz_data\extended_lead_II_data\Normal Person\Normal(267)_extended_leadII.npz,final_check_output\csv_data\extended_lead_II_csv\Normal Person\Normal(267).csv,extended_lead_II,510,success,1.388396770472895,1.9249392706508857,64,209,3.7053911956939634,1.504087423785266,0.7111984282907662,1.9850522497844436,3.910129300904675,Normal Person
ECG Dataset\Normal Person\Normal(268).png,final_check_output\npz_data\extended_lead_II_data\Normal Person\Normal(268)_extended_leadII.npz,final_check_output\csv_data\extended_lead_II_csv\Normal Person\Normal(268).csv,extended_lead_II,510,success,1.388396770472895,1.9249392706508857,64,209,3.7053911956939634,1.504087423785266,0.7111984282907662,1.9850522497844436,3.910129300904675,Normal Person
ECG Dataset\Normal Person\Normal(269).png,final_check_output\npz_data\extended_lead_II_data\Normal Person\Normal(269)_extended_leadII.npz,final_check_output\csv_data\extended_lead_II_csv\Normal Person\Normal(269).csv,extended_lead_II,510,success,0.7492964244521336,0.9820104291152899,50,214,0.9643444828911956,0.6570607887837859,0.28978388998035365,0.8941554193899538,1.6277788135930917,Normal Person
ECG Dataset\Normal Person\Normal(27).png,final_check_output\npz_data\extended_lead_II_data\Normal Person\Normal(27)_extended_leadII.npz,final_check_output\csv_data\extended_lead_II_csv\Normal Person\Normal(27).csv,extended_lead_II,510,success,1.3707266435986154,2.2693450489453175,74,217,5.149926951172625,1.8539502772858634,0.7583497053045186,2.7939871155284295,7.7251914357082985,Normal Person
ECG Dataset\Normal Person\Normal(270).png,final_check_output\npz_data\extended_lead_II_data\Normal Person\Normal(270)_extended_leadII.npz,final_check_output\csv_data\extended_lead_II_csv\Normal Person\Normal(270).csv,extended_lead_II,510,success,1.1993656286043826,1.551464005809535,68,183,2.4070405613225687,0.8859301883471149,0.49705304518664045,1.0465246128876375,0.6747323794890252,Normal Person
ECG Dataset\Normal Person\Normal(271).png,final_check_output\npz_data\extended_lead_II_data\Normal Person\Normal(271)_extended_leadII.npz,final_check_output\csv_data\extended_lead_II_csv\Normal Person\Normal(271).csv,extended_lead_II,510,success,2.341099577085735,3.9003144620311985,57,223,15.212452902729718,2.2639005233374943,0.9970530451866405,3.070147605303356,10.435240168405748,Normal Person
ECG Dataset\Normal Person\Normal(272).png,final_check_output\npz_data\extended_lead_II_data\Normal Person\Normal(272)_extended_leadII.npz,final_check_output\csv_data\extended_lead_II_csv\Normal Person\Normal(272).csv,extended_lead_II,510,success,1.5352556708958098,2.8278264211861246,49,150,7.996602268358323,2.3165501753960998,0.7701375245579568,3.8590130012441555,18.2221670013276,Normal Person
ECG Dataset\Normal Person\Normal(273).png,final_check_output\npz_data\extended_lead_II_data\Normal Person\Normal(273)_extended_leadII.npz,final_check_output\csv_data\extended_lead_II_csv\Normal Person\Normal(273).csv,extended_lead_II,510,success,0.895109573241061,1.188272503138369,74,217,1.4119915417147249,0.9032249576739061,0.4587426326129666,1.1117462111936698,1.7436465971122521,Normal Person
ECG Dataset\Normal Person\Normal(274).png,final_check_output\npz_data\extended_lead_II_data\Normal Person\Normal(274)_extended_leadII.npz,final_check_output\csv_data\extended_lead_II_csv\Normal Person\Normal(274).csv,extended_lead_II,510,success,1.1028450595924641,1.4118481048351095,84,184,1.9933150711264898,1.0264191861885823,0.5550098231827112,0.9435915720213554,0.8208279406756627,Normal Person
ECG Dataset\Normal Person\Normal(275).png,final_check_output\npz_data\extended_lead_II_data\Normal Person\Normal(275)_extended_leadII.npz,final_check_output\csv_data\extended_lead_II_csv\Normal Person\Normal(275).csv,extended_lead_II,510,success,1.404821222606689,1.9792388895946376,56,224,3.917386582083814,1.6673214169047177,0.6817288801571709,1.9464163736564042,4.959361400789234,Normal Person
ECG Dataset\Normal Person\Normal(276).png,final_check_output\npz_data\extended_lead_II_data\Normal Person\Normal(276)_extended_leadII.npz,final_check_output\csv_data\extended_lead_II_csv\Normal Person\Normal(276).csv,extended_lead_II,510,success,1.4855786236063049,1.9151957647660804,64,196,3.667974817377932,1.2846379628056055,0.6326129666011788,1.2049712035812097,0.8064853777669674,Normal Person
ECG Dataset\Normal Person\Normal(277).png,final_check_output\npz_data\extended_lead_II_data\Normal Person\Normal(277)_extended_leadII.npz,final_check_output\csv_data\extended_lead_II_csv\Normal Person\Normal(277).csv,extended_lead_II,510,success,1.1675009611687812,1.576965888927356,65,190,2.486821414840446,1.0902316763216018,0.5265225933202358,1.42742347872765,1.8360900403253044,Normal Person
ECG Dataset\Normal Person\Normal(278).png,final_check_output\npz_data\extended_lead_II_data\Normal Person\Normal(278)_extended_leadII.npz,final_check_output\csv_data\extended_lead_II_csv\Normal Person\Normal(278).csv,extended_lead_II,510,success,1.3342099192618215,2.0679015546386745,82,219,4.276216839677048,1.7138061823462798,0.7799607072691552,2.3730630673814233,6.57155138891104,Normal Person
ECG Dataset\Normal Person\Normal(279).png,final_check_output\npz_data\extended_lead_II_data\Normal Person\Normal(279)_extended_leadII.npz,final_check_output\csv_data\extended_lead_II_csv\Normal Person\Normal(279).csv,extended_lead_II,510,success,1.9169780853517888,2.455473528650611,48,190,6.029350249903883,1.5216189289797462,0.7779960707269156,1.2418161050986753,0.4566123064334273,Normal Person
ECG Dataset\Normal Person\Normal(28).png,final_check_output\npz_data\extended_lead_II_data\Normal Person\Normal(28)_extended_leadII.npz,final_check_output\csv_data\extended_lead_II_csv\Normal Person\Normal(28).csv,extended_lead_II,510,success,0.9412049955972269,1.3336767402952334,48,191,1.7786936476045194,1.0737802348006116,0.39587426326129665,-1.8152397612571378,5.51299630841455,Normal Person
ECG Dataset\Normal Person\Normal(280).png,final_check_output\npz_data\extended_lead_II_data\Normal Person\Normal(280)_extended_leadII.npz,final_check_output\csv_data\extended_lead_II_csv\Normal Person\Normal(280).csv,extended_lead_II,510,success,1.4671741637831612,2.238204160116014,54,212,5.009557862360632,1.725516351636299,0.7642436149312377,2.4567416533932,6.18750511915534,Normal Person
ECG Dataset\Normal Person\Normal(281).png,final_check_output\npz_data\extended_lead_II_data\Normal Person\Normal(281)_extended_leadII.npz,final_check_output\csv_data\extended_lead_II_csv\Normal Person\Normal(281).csv,extended_lead_II,510,success,1.5101768550557477,2.027857935036501,53,199,4.112207804690504,1.3103787001922327,0.5658153241650294,1.5450364336774935,2.555843787551013,Normal Person
ECG Dataset\Normal Person\Normal(282).png,final_check_output\npz_data\extended_lead_II_data\Normal Person\Normal(282)_extended_leadII.npz,final_check_output\csv_data\extended_lead_II_csv\Normal Person\Normal(282).csv,extended_lead_II,510,success,0.9584698193002693,1.2455210027305776,75,202,1.5513225682429836,0.9078353537231011,0.481335952848723,0.7820378832449323,0.47701091313049027,Normal Person
ECG Dataset\Normal Person\Normal(283).png,final_check_output\npz_data\extended_lead_II_data\Normal Person\Normal(283)_extended_leadII.npz,final_check_output\csv_data\extended_lead_II_csv\Normal Person\Normal(283).csv,extended_lead_II,510,success,1.0788158400615149,1.6056117945847463,69,232,2.5779892349096505,1.28100065257817,0.5550098231827112,0.7054163776434351,4.256960637492585,Normal Person
ECG Dataset\Normal Person\Normal(284).png,final_check_output\npz_data\extended_lead_II_data\Normal Person\Normal(284)_extended_leadII.npz,final_check_output\csv_data\extended_lead_II_csv\Normal Person\Normal(284).csv,extended_lead_II,510,success,1.4615532487504808,1.9504898880889128,63,192,3.804410803537101,1.1907881525953696,0.6355599214145383,1.4077606648927996,1.302840496411772,Normal Person
ECG Dataset\Normal Person\Normal(285).png,final_check_output\npz_data\extended_lead_II_data\Normal Person\Normal(285)_extended_leadII.npz,final_check_output\csv_data\extended_lead_II_csv\Normal Person\Normal(285).csv,extended_lead_II,510,success,1.0239907727797002,1.3682864483325499,75,216,1.8722078046905037,0.9547729340524972,0.4636542239685658,1.0123241533013145,1.0383311662856416,Normal Person
ECG Dataset\Normal Person\Normal(286).png,final_check_output\npz_data\extended_lead_II_data\Normal Person\Normal(286)_extended_leadII.npz,final_check_output\csv_data\extended_lead_II_csv\Normal Person\Normal(286).csv,extended_lead_II,510,success,1.0030565167243368,1.45407889884283,73,234,2.114345444059977,1.224945369857595,0.5510805500982319,2.2352097797749377,6.507519663203306,Normal Person
ECG Dataset\Normal Person\Normal(287).png,final_check_output\npz_data\extended_lead_II_data\Normal Person\Normal(287)_extended_leadII.npz,final_check_output\csv_data\extended_lead_II_csv\Normal Person\Normal(287).csv,extended_lead_II,510,success,1.1029131652661064,1.4234230193887338,70,216,2.026133092125739,0.9949575835849122,0.5009823182711198,1.074259466228037,0.603804021481217,Normal Person
ECG Dataset\Normal Person\Normal(288).png,final_check_output\npz_data\extended_lead_II_data\Normal Person\Normal(288)_extended_leadII.npz,final_check_output\csv_data\extended_lead_II_csv\Normal Person\Normal(288).csv,extended_lead_II,510,success,1.009976931949251,1.3309830063408068,64,230,1.771515763168012,0.9753846654420848,0.4724950884086444,1.176119343278941,1.4095320580010018,Normal Person
ECG Dataset\Normal Person\Normal(289).png,final_check_output\npz_data\extended_lead_II_data\Normal Person\Normal(289)_extended_leadII.npz,final_check_output\csv_data\extended_lead_II_csv\Normal Person\Normal(289).csv,extended_lead_II,510,success,1.5229219530949627,1.9406852220551951,59,209,3.766259131103422,1.258565934776858,0.6846758349705304,1.0257893925849666,0.31096458007939587,Normal Person
ECG Dataset\Normal Person\Normal(29).png,final_check_output\npz_data\extended_lead_II_data\Normal Person\Normal(29)_extended_leadII.npz,final_check_output\csv_data\extended_lead_II_csv\Normal Person\Normal(29).csv,extended_lead_II,510,success,0.8934640522875827,1.3962367722499671,58,245,1.9494771241830067,1.110098315970186,0.47838899803536344,-2.3750450330819333,8.331649601019638,Normal Person
ECG Dataset\Normal Person\Normal(290).png,final_check_output\npz_data\extended_lead_II_data\Normal Person\Normal(290)_extended_leadII.npz,final_check_output\csv_data\extended_lead_II_csv\Normal Person\Normal(290).csv,extended_lead_II,510,success,1.2411880046136101,1.7734448651522037,63,196,3.145106689734718,0.8691390858148994,0.4675834970530452,-0.09013254674300224,2.1536750641545064,Normal Person
ECG Dataset\Normal Person\Normal(291).png,final_check_output\npz_data\extended_lead_II_data\Normal Person\Normal(291)_extended_leadII.npz,final_check_output\csv_data\extended_lead_II_csv\Normal Person\Normal(291).csv,extended_lead_II,510,success,1.1490003844675134,1.6433024976577353,62,205,2.7004430988081505,1.2723444937616153,0.5677799607072691,1.8961964986195166,3.7082373589601536,Normal Person
ECG Dataset\Normal Person\Normal(292).png,final_check_output\npz_data\extended_lead_II_data\Normal Person\Normal(292)_extended_leadII.npz,final_check_output\csv_data\extended_lead_II_csv\Normal Person\Normal(292).csv,extended_lead_II,510,success,1.3082122260668974,1.6761506402642128,72,191,2.8094809688581317,1.3520703763318045,0.68762278978389,1.4246605654677431,2.2713918904984354,Normal Person
ECG Dataset\Normal Person\Normal(293).png,final_check_output\npz_data\extended_lead_II_data\Normal Person\Normal(293)_extended_leadII.npz,final_check_output\csv_data\extended_lead_II_csv\Normal Person\Normal(293).csv,extended_lead_II,510,success,0.9933794694348332,1.2801192544648614,72,218,1.6387053056516725,0.920995020134194,0.4449901768172888,0.3946711005772508,0.6391634874632595,Normal Person
ECG Dataset\Normal Person\Normal(294).png,final_check_output\npz_data\extended_lead_II_data\Normal Person\Normal(294)_extended_leadII.npz,final_check_output\csv_data\extended_lead_II_csv\Normal Person\Normal(294).csv,extended_lead_II,510,success,1.0760246059208,1.3598222993796072,66,213,1.8491166858900423,0.8280447773168129,0.4636542239685658,0.8014017081962509,0.44591999064461874,Normal Person
ECG Dataset\Normal Person\Normal(295).png,final_check_output\npz_data\extended_lead_II_data\Normal Person\Normal(295)_extended_leadII.npz,final_check_output\csv_data\extended_lead_II_csv\Normal Person\Normal(295).csv,extended_lead_II,510,success,1.6783198769703953,2.4034971077140277,75,221,5.776798346789697,2.05582692887634,0.9243614931237721,1.8941419192705797,4.073867392833707,Normal Person
ECG Dataset\Normal Person\Normal(3).png,final_check_output\npz_data\extended_lead_II_data\Normal Person\Normal(3)_extended_leadII.npz,final_check_output\csv_data\extended_lead_II_csv\Normal Person\Normal(3).csv,extended_lead_II,510,success,0.5289696270665133,0.6647094973584387,68,226,0.4418387158785082,0.4685596371811009,0.224950884086444,0.23629534513276504,0.5738111603194782,Normal Person
ECG Dataset\Normal Person\Normal(30).png,final_check_output\npz_data\extended_lead_II_data\Normal Person\Normal(30)_extended_leadII.npz,final_check_output\csv_data\extended_lead_II_csv\Normal Person\Normal(30).csv,extended_lead_II,510,success,1.3413571703191085,2.2134729965941053,46,204,4.8994627066512875,1.7586441017502163,0.6768172888015717,2.738032363298693,9.0454604319711,Normal Person
ECG Dataset\Normal Person\Normal(31).png,final_check_output\npz_data\extended_lead_II_data\Normal Person\Normal(31)_extended_leadII.npz,final_check_output\csv_data\extended_lead_II_csv\Normal Person\Normal(31).csv,extended_lead_II,510,success,1.0243036497898688,1.5049808224923564,45,143,2.2649672760697697,1.2907451641721785,0.47347740667976423,-1.7729388884464286,5.061107670118629,Normal Person
ECG Dataset\Normal Person\Normal(32).png,final_check_output\npz_data\extended_lead_II_data\Normal Person\Normal(32)_extended_leadII.npz,final_check_output\csv_data\extended_lead_II_csv\Normal Person\Normal(32).csv,extended_lead_II,510,success,1.127697039600154,1.493622222427575,54,217,2.230907343329489,1.1440887624075287,0.537328094302554,-0.09702281764099378,1.0254198128693055,Normal Person
ECG Dataset\Normal Person\Normal(33).png,final_check_output\npz_data\extended_lead_II_data\Normal Person\Normal(33)_extended_leadII.npz,final_check_output\csv_data\extended_lead_II_csv\Normal Person\Normal(33).csv,extended_lead_II,510,success,0.8979481864985416,1.3680087664597755,50,142,1.871447985110797,1.2038630655246225,0.481335952848723,-1.8940045086472665,6.313035092669896,Normal Person
ECG Dataset\Normal Person\Normal(34).png,final_check_output\npz_data\extended_lead_II_data\Normal Person\Normal(34)_extended_leadII.npz,final_check_output\csv_data\extended_lead_II_csv\Normal Person\Normal(34).csv,extended_lead_II,510,success,0.7045328719723184,1.0556729633808122,75,243,1.1144454056132258,0.8775747971301118,0.412573673870334,-2.1249522459543795,5.950805388684145,Normal Person
ECG Dataset\Normal Person\Normal(35).png,final_check_output\npz_data\extended_lead_II_data\Normal Person\Normal(35)_extended_leadII.npz,final_check_output\csv_data\extended_lead_II_csv\Normal Person\Normal(35).csv,extended_lead_II,510,success,0.6928489042675896,0.951564405270569,70,231,0.9054748173779317,0.9339692846953911,0.3713163064833006,1.2979725593800653,4.118489107056029,Normal Person
ECG Dataset\Normal Person\Normal(36).png,final_check_output\npz_data\extended_lead_II_data\Normal Person\Normal(36)_extended_leadII.npz,final_check_output\csv_data\extended_lead_II_csv\Normal Person\Normal(36).csv,extended_lead_II,510,success,0.7299346405228758,0.9937139026205872,73,236,0.9874673202614378,0.957085047328216,0.41355599214145383,1.3424272327700038,2.983620787172433,Normal Person
ECG Dataset\Normal Person\Normal(37).png,final_check_output\npz_data\extended_lead_II_data\Normal Person\Normal(37)_extended_leadII.npz,final_check_output\csv_data\extended_lead_II_csv\Normal Person\Normal(37).csv,extended_lead_II,510,success,1.4471049596309113,2.579049045031063,35,180,6.651493976675637,0.7598512590118364,0.3428290766208251,-2.125734678401536,9.418467267010048,Normal Person
ECG Dataset\Normal Person\Normal(38).png,final_check_output\npz_data\extended_lead_II_data\Normal Person\Normal(38)_extended_leadII.npz,final_check_output\csv_data\extended_lead_II_csv\Normal Person\Normal(38).csv,extended_lead_II,510,success,0.7777239523260286,1.2472330005382635,63,232,1.5555901576316802,0.8436169672465853,0.3899803536345776,-2.2890598413521546,5.894555564342227,Normal Person
ECG Dataset\Normal Person\Normal(39).png,final_check_output\npz_data\extended_lead_II_data\Normal Person\Normal(39)_extended_leadII.npz,final_check_output\csv_data\extended_lead_II_csv\Normal Person\Normal(39).csv,extended_lead_II,510,success,1.1222991157247215,1.952292641746048,51,214,3.811446559015763,1.2918818609426377,0.5108055009823183,-2.3554049896176386,7.6457729621244095,Normal Person
ECG Dataset\Normal Person\Normal(4).png,final_check_output\npz_data\extended_lead_II_data\Normal Person\Normal(4)_extended_leadII.npz,final_check_output\csv_data\extended_lead_II_csv\Normal Person\Normal(4).csv,extended_lead_II,510,success,0.6752133794694346,0.8710214652497364,66,207,0.7586783929257976,0.6733051924066883,0.3330058939096267,0.38850166850204376,0.735732518985794,Normal Person
ECG Dataset\Normal Person\Normal(40).png,final_check_output\npz_data\extended_lead_II_data\Normal Person\Normal(40)_extended_leadII.npz,final_check_output\csv_data\extended_lead_II_csv\Normal Person\Normal(40).csv,extended_lead_II,510,success,0.5367880485527539,0.794339285043757,52,182,0.6309748997638271,0.8392641418215149,0.3094302554027505,0.6829630467292704,3.913674733636122,Normal Person
ECG Dataset\Normal Person\Normal(41).png,final_check_output\npz_data\extended_lead_II_data\Normal Person\Normal(41)_extended_leadII.npz,final_check_output\csv_data\extended_lead_II_csv\Normal Person\Normal(41).csv,extended_lead_II,510,success,1.270334486735871,2.160625950568468,44,188,4.6683044982698965,1.6027358731177102,0.5776031434184676,2.842830498282953,8.468162028300174,Normal Person
ECG Dataset\Normal Person\Normal(42).png,final_check_output\npz_data\extended_lead_II_data\Normal Person\Normal(42)_extended_leadII.npz,final_check_output\csv_data\extended_lead_II_csv\Normal Person\Normal(42).csv,extended_lead_II,510,success,1.0963744713571708,1.462713713388295,54,193,2.1395314073341756,0.7924856417471166,0.4302554027504912,0.8973774007698728,1.082781795823256,Normal Person
ECG Dataset\Normal Person\Normal(43).png,final_check_output\npz_data\extended_lead_II_data\Normal Person\Normal(43)_extended_leadII.npz,final_check_output\csv_data\extended_lead_II_csv\Normal Person\Normal(43).csv,extended_lead_II,510,success,1.0236601307189537,1.2627482695937113,51,168,1.5945331923619117,0.7089566385821159,0.3418467583497053,0.8978861137373346,0.0540073961790446,Normal Person
ECG Dataset\Normal Person\Normal(44).png,final_check_output\npz_data\extended_lead_II_data\Normal Person\Normal(44)_extended_leadII.npz,final_check_output\csv_data\extended_lead_II_csv\Normal Person\Normal(44).csv,extended_lead_II,510,success,0.8549019607843137,1.1639711817553473,71,211,1.3548289119569397,0.9529707454325629,0.468565815324165,1.251012262800643,2.0327396581020825,Normal Person
ECG Dataset\Normal Person\Normal(45).png,final_check_output\npz_data\extended_lead_II_data\Normal Person\Normal(45)_extended_leadII.npz,final_check_output\csv_data\extended_lead_II_csv\Normal Person\Normal(45).csv,extended_lead_II,510,success,0.9693002691272581,1.472725570993683,72,217,2.16892060745867,1.1451615134752784,0.4911591355599214,2.2497454827117966,5.943002868739944,Normal Person
ECG Dataset\Normal Person\Normal(46).png,final_check_output\npz_data\extended_lead_II_data\Normal Person\Normal(46)_extended_leadII.npz,final_check_output\csv_data\extended_lead_II_csv\Normal Person\Normal(46).csv,extended_lead_II,510,success,0.8876009227220297,1.3233133447454506,85,226,1.751158208381392,1.4456424598798507,0.6277013752455796,1.0161333185794652,4.095862928041723,Normal Person
ECG Dataset\Normal Person\Normal(47).png,final_check_output\npz_data\extended_lead_II_data\Normal Person\Normal(47)_extended_leadII.npz,final_check_output\csv_data\extended_lead_II_csv\Normal Person\Normal(47).csv,extended_lead_II,510,success,0.9254901960784314,1.2330449489832052,73,223,1.520399846212995,0.9094569721998439,0.5009823182711198,0.15327738343505554,0.7777315340988422,Normal Person
ECG Dataset\Normal Person\Normal(48).png,final_check_output\npz_data\extended_lead_II_data\Normal Person\Normal(48)_extended_leadII.npz,final_check_output\csv_data\extended_lead_II_csv\Normal Person\Normal(48).csv,extended_lead_II,510,success,0.9972318339100348,1.3122192858116866,83,263,1.7219194540561322,1.021622808606402,0.4823182711198428,0.6426693392618921,0.8338991034023389,Normal Person
ECG Dataset\Normal Person\Normal(49).png,final_check_output\npz_data\extended_lead_II_data\Normal Person\Normal(49)_extended_leadII.npz,final_check_output\csv_data\extended_lead_II_csv\Normal Person\Normal(49).csv,extended_lead_II,510,success,0.9494694348327567,1.1995565789737346,72,245,1.4389359861591695,0.7744064207628085,0.4430255402750491,-0.12127292750253114,0.19818734876067046,Normal Person
ECG Dataset\Normal Person\Normal(5).png,final_check_output\npz_data\extended_lead_II_data\Normal Person\Normal(5)_extended_leadII.npz,final_check_output\csv_data\extended_lead_II_csv\Normal Person\Normal(5).csv,extended_lead_II,510,success,0.5258169934640526,0.6249836599171202,47,171,0.39060457516339875,0.27323284686345467,0.11787819253438114,-0.35162322063283585,-0.3973065664080897,Normal Person
ECG Dataset\Normal Person\Normal(50).png,final_check_output\npz_data\extended_lead_II_data\Normal Person\Normal(50)_extended_leadII.npz,final_check_output\csv_data\extended_lead_II_csv\Normal Person\Normal(50).csv,extended_lead_II,510,success,1.3416378316032296,1.6904329141198011,71,208,2.857563437139562,1.1335220768140135,0.6227897838899804,0.9951374682226142,0.13586827743536345,Normal Person
ECG Dataset\Normal Person\Normal(51).png,final_check_output\npz_data\extended_lead_II_data\Normal Person\Normal(51)_extended_leadII.npz,final_check_output\csv_data\extended_lead_II_csv\Normal Person\Normal(51).csv,extended_lead_II,510,success,0.5580853517877742,0.6876568710616794,74,190,0.4728719723183391,0.5092465253446885,0.26129666011787817,1.0986135166389546,1.177510638331139,Normal Person
ECG Dataset\Normal Person\Normal(52).png,final_check_output\npz_data\extended_lead_II_data\Normal Person\Normal(52)_extended_leadII.npz,final_check_output\csv_data\extended_lead_II_csv\Normal Person\Normal(52).csv,extended_lead_II,510,success,1.1764705882352933,1.8750686261950993,82,244,3.5158823529411762,1.860561632256864,0.7524557956777996,2.666105084628922,8.144147288827797,Normal Person
ECG Dataset\Normal Person\Normal(53).png,final_check_output\npz_data\extended_lead_II_data\Normal Person\Normal(53)_extended_leadII.npz,final_check_output\csv_data\extended_lead_II_csv\Normal Person\Normal(53).csv,extended_lead_II,510,success,1.1764705882352933,1.8750686261950993,82,244,3.5158823529411762,1.860561632256864,0.7524557956777996,2.666105084628922,8.144147288827797,Normal Person
ECG Dataset\Normal Person\Normal(54).png,final_check_output\npz_data\extended_lead_II_data\Normal Person\Normal(54)_extended_leadII.npz,final_check_output\csv_data\extended_lead_II_csv\Normal Person\Normal(54).csv,extended_lead_II,510,success,1.0691580161476355,1.333101190863867,52,200,1.7771587850826602,0.918324689723839,0.45284872298624756,-0.27726880890018085,-0.28005771351549535,Normal Person
ECG Dataset\Normal Person\Normal(55).png,final_check_output\npz_data\extended_lead_II_data\Normal Person\Normal(55)_extended_leadII.npz,final_check_output\csv_data\extended_lead_II_csv\Normal Person\Normal(55).csv,extended_lead_II,510,success,1.0691580161476355,1.333101190863867,52,200,1.7771587850826602,0.918324689723839,0.45284872298624756,-0.27726880890018085,-0.28005771351549535,Normal Person
ECG Dataset\Normal Person\Normal(56).png,final_check_output\npz_data\extended_lead_II_data\Normal Person\Normal(56)_extended_leadII.npz,final_check_output\csv_data\extended_lead_II_csv\Normal Person\Normal(56).csv,extended_lead_II,510,success,1.219937571079441,1.659294209382976,44,126,2.753257273291875,1.0060859160747186,0.4086444007858546,1.8945956262227723,3.291505084657313,Normal Person
ECG Dataset\Normal Person\Normal(57).png,final_check_output\npz_data\extended_lead_II_data\Normal Person\Normal(57)_extended_leadII.npz,final_check_output\csv_data\extended_lead_II_csv\Normal Person\Normal(57).csv,extended_lead_II,510,success,1.0057823913879278,1.4668076677181083,60,206,2.1515247340766366,1.2173989370002718,0.444007858546169,2.162770365717988,6.263686810266506,Normal Person
ECG Dataset\Normal Person\Normal(58).png,final_check_output\npz_data\extended_lead_II_data\Normal Person\Normal(58)_extended_leadII.npz,final_check_output\csv_data\extended_lead_II_csv\Normal Person\Normal(58).csv,extended_lead_II,510,success,1.2545098039215685,1.7654521842407531,81,230,3.116821414840446,1.7092145969159087,0.7858546168958742,1.0490148008317066,1.7852059063381098,Normal Person
ECG Dataset\Normal Person\Normal(59).png,final_check_output\npz_data\extended_lead_II_data\Normal Person\Normal(59)_extended_leadII.npz,final_check_output\csv_data\extended_lead_II_csv\Normal Person\Normal(59).csv,extended_lead_II,510,success,1.0274509803921568,1.300756884918921,42,204,1.6919684736639753,0.6061246022055377,0.3045186640471513,-0.0733653538658325,0.5272915084489576,Normal Person
ECG Dataset\Normal Person\Normal(6).png,final_check_output\npz_data\extended_lead_II_data\Normal Person\Normal(6)_extended_leadII.npz,final_check_output\csv_data\extended_lead_II_csv\Normal Person\Normal(6).csv,extended_lead_II,510,success,0.5332322733014773,0.6798216367212385,43,196,0.46215745775434364,0.33436084499466145,0.16699410609037327,-0.0141953862234817,-0.03530735288842779,Normal Person
ECG Dataset\Normal Person\Normal(60).png,final_check_output\npz_data\extended_lead_II_data\Normal Person\Normal(60)_extended_leadII.npz,final_check_output\csv_data\extended_lead_II_csv\Normal Person\Normal(60).csv,extended_lead_II,510,success,1.0274509803921568,1.300756884918921,42,204,1.6919684736639753,0.6061246022055377,0.3045186640471513,-0.0733653538658325,0.5272915084489576,Normal Person
ECG Dataset\Normal Person\Normal(61).png,final_check_output\npz_data\extended_lead_II_data\Normal Person\Normal(61)_extended_leadII.npz,final_check_output\csv_data\extended_lead_II_csv\Normal Person\Normal(61).csv,extended_lead_II,510,success,1.2023683198769701,1.573367837285136,63,265,2.4754863514033065,1.2345310031110746,0.5432220039292731,1.2026290801224038,1.9894489124276875,Normal Person
ECG Dataset\Normal Person\Normal(62).png,final_check_output\npz_data\extended_lead_II_data\Normal Person\Normal(62)_extended_leadII.npz,final_check_output\csv_data\extended_lead_II_csv\Normal Person\Normal(62).csv,extended_lead_II,510,success,2.1925394079200315,3.2165819585505577,40,174,10.346399496072937,2.4410571836830584,0.9901768172888016,2.391286306126618,6.1410666033713035,Normal Person
ECG Dataset\Normal Person\Normal(63).png,final_check_output\npz_data\extended_lead_II_data\Normal Person\Normal(63)_extended_leadII.npz,final_check_output\csv_data\extended_lead_II_csv\Normal Person\Normal(63).csv,extended_lead_II,510,success,2.1925394079200315,3.2165819585505577,40,174,10.346399496072937,2.4410571836830584,0.9901768172888016,2.391286306126618,6.1410666033713035,Normal Person
ECG Dataset\Normal Person\Normal(64).png,final_check_output\npz_data\extended_lead_II_data\Normal Person\Normal(64)_extended_leadII.npz,final_check_output\csv_data\extended_lead_II_csv\Normal Person\Normal(64).csv,extended_lead_II,510,success,1.33683967704729,1.8341080464434072,64,194,3.3639523260284503,1.5019633516257043,0.6394891944990176,1.5312143200418584,2.2064427207260175,Normal Person
ECG Dataset\Normal Person\Normal(65).png,final_check_output\npz_data\extended_lead_II_data\Normal Person\Normal(65)_extended_leadII.npz,final_check_output\csv_data\extended_lead_II_csv\Normal Person\Normal(65).csv,extended_lead_II,510,success,1.9138638985005765,2.5849102230459047,54,206,6.681760861207228,1.537034626169242,0.6856581532416502,0.7109665450458045,0.7228006835360152,Normal Person
ECG Dataset\Normal Person\Normal(66).png,final_check_output\npz_data\extended_lead_II_data\Normal Person\Normal(66)_extended_leadII.npz,final_check_output\csv_data\extended_lead_II_csv\Normal Person\Normal(66).csv,extended_lead_II,510,success,1.1701576316801225,1.8346707924231394,65,207,3.36601691657055,1.4519142570493557,0.6365422396856582,2.546261967045996,6.698501522094919,Normal Person
ECG Dataset\Normal Person\Normal(67).png,final_check_output\npz_data\extended_lead_II_data\Normal Person\Normal(67)_extended_leadII.npz,final_check_output\csv_data\extended_lead_II_csv\Normal Person\Normal(67).csv,extended_lead_II,510,success,0.7893617839292585,1.030182140265979,74,207,1.061275242122993,0.75441135692845,0.3693516699410609,0.8570836536658603,1.8064884384495548,Normal Person
ECG Dataset\Normal Person\Normal(68).png,final_check_output\npz_data\extended_lead_II_data\Normal Person\Normal(68)_extended_leadII.npz,final_check_output\csv_data\extended_lead_II_csv\Normal Person\Normal(68).csv,extended_lead_II,510,success,0.9456632064590541,1.1812033073794244,74,241,1.3952412533640908,0.8800897435932293,0.46070726915520627,0.9569183586232679,0.1704241635275543,Normal Person
ECG Dataset\Normal Person\Normal(69).png,final_check_output\npz_data\extended_lead_II_data\Normal Person\Normal(69)_extended_leadII.npz,final_check_output\csv_data\extended_lead_II_csv\Normal Person\Normal(69).csv,extended_lead_II,510,success,0.9456632064590541,1.1812033073794244,74,241,1.3952412533640908,0.8800897435932293,0.46070726915520627,0.9569183586232679,0.1704241635275543,Normal Person
ECG Dataset\Normal Person\Normal(7).png,final_check_output\npz_data\extended_lead_II_data\Normal Person\Normal(7)_extended_leadII.npz,final_check_output\csv_data\extended_lead_II_csv\Normal Person\Normal(7).csv,extended_lead_II,510,success,0.9879286965330792,1.417234878981044,43,155,2.0085547022004153,0.6345320715158744,0.3555992141453831,-1.7258385484759118,2.979710268732897,Normal Person
ECG Dataset\Normal Person\Normal(70).png,final_check_output\npz_data\extended_lead_II_data\Normal Person\Normal(70)_extended_leadII.npz,final_check_output\csv_data\extended_lead_II_csv\Normal Person\Normal(70).csv,extended_lead_II,510,success,1.7329873125720876,2.2886183458809053,59,167,5.237773933102653,1.4145608216938286,0.6895874263261297,1.1203077977761102,1.075343971652158,Normal Person
ECG Dataset\Normal Person\Normal(71).png,final_check_output\npz_data\extended_lead_II_data\Normal Person\Normal(71)_extended_leadII.npz,final_check_output\csv_data\extended_lead_II_csv\Normal Person\Normal(71).csv,extended_lead_II,510,success,1.2873125720876584,1.6677508007984927,85,206,2.7813927335640143,1.1905819019395234,0.630648330058939,1.2825575295859077,1.3047229794952147,Normal Person
ECG Dataset\Normal Person\Normal(72).png,final_check_output\npz_data\extended_lead_II_data\Normal Person\Normal(72)_extended_leadII.npz,final_check_output\csv_data\extended_lead_II_csv\Normal Person\Normal(72).csv,extended_lead_II,510,success,0.7408304498269901,0.9414669690570412,79,209,0.8863600538254517,0.8543198905808311,0.4086444007858546,0.8815802283877276,0.33420899350506206,Normal Person
ECG Dataset\Normal Person\Normal(73).png,final_check_output\npz_data\extended_lead_II_data\Normal Person\Normal(73)_extended_leadII.npz,final_check_output\csv_data\extended_lead_II_csv\Normal Person\Normal(73).csv,extended_lead_II,510,success,2.5867820069204153,3.989552297875738,45,212,15.91652753748558,2.816986434769232,1.0972495088408645,2.484040447051326,7.420445490156045,Normal Person
ECG Dataset\Normal Person\Normal(74).png,final_check_output\npz_data\extended_lead_II_data\Normal Person\Normal(74)_extended_leadII.npz,final_check_output\csv_data\extended_lead_II_csv\Normal Person\Normal(74).csv,extended_lead_II,510,success,0.8653517877739325,1.25886476018239,58,170,1.5847404844290656,0.9439081904007918,0.4066797642436149,2.1160798214592815,4.992142083113722,Normal Person
ECG Dataset\Normal Person\Normal(75).png,final_check_output\npz_data\extended_lead_II_data\Normal Person\Normal(75)_extended_leadII.npz,final_check_output\csv_data\extended_lead_II_csv\Normal Person\Normal(75).csv,extended_lead_II,510,success,0.774755863129566,1.0027782437182144,72,194,1.0055642060745869,0.725280245273974,0.38212180746561886,0.990752307596066,0.38491449850905335,Normal Person
ECG Dataset\Normal Person\Normal(76).png,final_check_output\npz_data\extended_lead_II_data\Normal Person\Normal(76)_extended_leadII.npz,final_check_output\csv_data\extended_lead_II_csv\Normal Person\Normal(76).csv,extended_lead_II,510,success,1.8191387927720113,2.3516777653810523,58,229,5.530388312187619,1.3288028794136162,0.7003929273084479,1.1437061134100222,0.497675142226051,Normal Person
ECG Dataset\Normal Person\Normal(77).png,final_check_output\npz_data\extended_lead_II_data\Normal Person\Normal(77)_extended_leadII.npz,final_check_output\csv_data\extended_lead_II_csv\Normal Person\Normal(77).csv,extended_lead_II,510,success,1.0865974625144177,2.0278674146604736,60,193,4.112246251441753,1.722810104506183,0.6218074656188605,3.2933742514286903,11.26178556122976,Normal Person
ECG Dataset\Normal Person\Normal(78).png,final_check_output\npz_data\extended_lead_II_data\Normal Person\Normal(78)_extended_leadII.npz,final_check_output\csv_data\extended_lead_II_csv\Normal Person\Normal(78).csv,extended_lead_II,510,success,1.1873587081891572,1.5838125299258174,77,213,2.5084621299500194,1.291121259251188,0.5756385068762279,1.6119260628322367,2.678013277722015,Normal Person
ECG Dataset\Normal Person\Normal(79).png,final_check_output\npz_data\extended_lead_II_data\Normal Person\Normal(79)_extended_leadII.npz,final_check_output\csv_data\extended_lead_II_csv\Normal Person\Normal(79).csv,extended_lead_II,510,success,0.5760630526720497,0.7746347214560224,88,217,0.6000589516852493,0.7481914452657339,0.3614931237721022,1.3609779990697193,2.709632848490367,Normal Person
ECG Dataset\Normal Person\Normal(8).png,final_check_output\npz_data\extended_lead_II_data\Normal Person\Normal(8)_extended_leadII.npz,final_check_output\csv_data\extended_lead_II_csv\Normal Person\Normal(8).csv,extended_lead_II,510,success,1.070495963091118,1.3668864284446063,46,269,1.8683785082660516,0.5684916104908042,0.3280943025540275,-1.0850410987686288,0.19244822087180946,Normal Person
ECG Dataset\Normal Person\Normal(80).png,final_check_output\npz_data\extended_lead_II_data\Normal Person\Normal(80)_extended_leadII.npz,final_check_output\csv_data\extended_lead_II_csv\Normal Person\Normal(80).csv,extended_lead_II,510,success,1.3499269511726264,1.776979107410602,78,193,3.1576547481737793,1.5546684875208518,0.7848722986247544,-0.23567910006538567,1.1448050247903616,Normal Person
ECG Dataset\Normal Person\Normal(81).png,final_check_output\npz_data\extended_lead_II_data\Normal Person\Normal(81)_extended_leadII.npz,final_check_output\csv_data\extended_lead_II_csv\Normal Person\Normal(81).csv,extended_lead_II,510,success,0.9921914648212223,1.48564856423523,55,187,2.2071516564141995,1.0544678387944013,0.4292730844793713,1.8323345133512094,5.424459955134148,Normal Person
ECG Dataset\Normal Person\Normal(82).png,final_check_output\npz_data\extended_lead_II_data\Normal Person\Normal(82)_extended_leadII.npz,final_check_output\csv_data\extended_lead_II_csv\Normal Person\Normal(82).csv,extended_lead_II,510,success,1.2928258362168399,1.8438213165297508,57,198,3.399677047289504,1.3038028103102433,0.574656188605108,1.7193671597494427,3.2077452291728816,Normal Person
ECG Dataset\Normal Person\Normal(83).png,final_check_output\npz_data\extended_lead_II_data\Normal Person\Normal(83)_extended_leadII.npz,final_check_output\csv_data\extended_lead_II_csv\Normal Person\Normal(83).csv,extended_lead_II,510,success,0.9533256439830841,1.4166477824012182,57,185,2.0068909393822887,1.1344605127014546,0.4194499017681729,2.2866014113586806,6.827878509939177,Normal Person
ECG Dataset\Normal Person\Normal(84).png,final_check_output\npz_data\extended_lead_II_data\Normal Person\Normal(84)_extended_leadII.npz,final_check_output\csv_data\extended_lead_II_csv\Normal Person\Normal(84).csv,extended_lead_II,510,success,1.4396865111051964,1.9622593999019278,41,152,3.850461952503474,1.2480300330025753,0.5402750491159135,1.732832707658972,2.136063711526595,Normal Person
ECG Dataset\Normal Person\Normal(85).png,final_check_output\npz_data\extended_lead_II_data\Normal Person\Normal(85)_extended_leadII.npz,final_check_output\csv_data\extended_lead_II_csv\Normal Person\Normal(85).csv,extended_lead_II,510,success,1.4579354094579007,1.8570710796848682,57,203,3.4487129950019217,1.0465585852204475,0.5461689587426326,0.6096625199052923,0.33470544147492776,Normal Person
ECG Dataset\Normal Person\Normal(86).png,final_check_output\npz_data\extended_lead_II_data\Normal Person\Normal(86)_extended_leadII.npz,final_check_output\csv_data\extended_lead_II_csv\Normal Person\Normal(86).csv,extended_lead_II,510,success,1.2362309368191728,1.987110334135739,62,174,3.9486074800290494,1.7670799333762022,0.6542239685658153,2.6816084878330986,9.246719362846923,Normal Person
ECG Dataset\Normal Person\Normal(87).png,final_check_output\npz_data\extended_lead_II_data\Normal Person\Normal(87)_extended_leadII.npz,final_check_output\csv_data\extended_lead_II_csv\Normal Person\Normal(87).csv,extended_lead_II,510,success,1.141826220684353,1.626845209726197,69,218,2.6466253364090733,1.1856211224385702,0.5225933202357563,1.779917211251249,3.782072081373511,Normal Person
ECG Dataset\Normal Person\Normal(88).png,final_check_output\npz_data\extended_lead_II_data\Normal Person\Normal(88)_extended_leadII.npz,final_check_output\csv_data\extended_lead_II_csv\Normal Person\Normal(88).csv,extended_lead_II,510,success,0.8248366013071895,1.103101852251885,54,221,1.2168336964415394,0.9098469301852952,0.42337917485265225,0.953750600934014,2.067606093977889,Normal Person
ECG Dataset\Normal Person\Normal(89).png,final_check_output\npz_data\extended_lead_II_data\Normal Person\Normal(89)_extended_leadII.npz,final_check_output\csv_data\extended_lead_II_csv\Normal Person\Normal(89).csv,extended_lead_II,510,success,1.0491234140715109,1.3803312291589525,77,210,1.9053143021914651,0.7133308239800651,0.4675834970530452,0.8831230392398691,0.7014605283097617,Normal Person
ECG Dataset\Normal Person\Normal(9).png,final_check_output\npz_data\extended_lead_II_data\Normal Person\Normal(9)_extended_leadII.npz,final_check_output\csv_data\extended_lead_II_csv\Normal Person\Normal(9).csv,extended_lead_II,510,success,0.8631325229941146,1.2243615516666708,28,135,1.4990612091996176,0.5112186583537766,0.23673870333988212,0.8843689400623445,2.0323999361149054,Normal Person
ECG Dataset\Normal Person\Normal(90).png,final_check_output\npz_data\extended_lead_II_data\Normal Person\Normal(90)_extended_leadII.npz,final_check_output\csv_data\extended_lead_II_csv\Normal Person\Normal(90).csv,extended_lead_II,510,success,1.3453287197231827,1.9026037421427335,65,191,3.619900999615533,1.4638740753384278,0.6532416502946955,1.8428189324344315,4.1656797337909595,Normal Person
ECG Dataset\Normal Person\Normal(91).png,final_check_output\npz_data\extended_lead_II_data\Normal Person\Normal(91)_extended_leadII.npz,final_check_output\csv_data\extended_lead_II_csv\Normal Person\Normal(91).csv,extended_lead_II,510,success,1.1784544405997688,1.5508750367032913,70,205,2.405213379469435,1.0432682514103389,0.5225933202357563,1.608952478034492,5.449369369907787,Normal Person
ECG Dataset\Normal Person\Normal(92).png,final_check_output\npz_data\extended_lead_II_data\Normal Person\Normal(92)_extended_leadII.npz,final_check_output\csv_data\extended_lead_II_csv\Normal Person\Normal(92).csv,extended_lead_II,510,success,1.2239984621299496,1.622611514701906,71,223,2.6328681276432135,0.9873960117837443,0.5235756385068763,1.3658639717468832,1.0100276508126607,Normal Person
ECG Dataset\Normal Person\Normal(93).png,final_check_output\npz_data\extended_lead_II_data\Normal Person\Normal(93)_extended_leadII.npz,final_check_output\csv_data\extended_lead_II_csv\Normal Person\Normal(93).csv,extended_lead_II,510,success,1.9983544790465195,2.6209295714557714,45,188,6.869271818531334,1.5520820669773274,0.7092337917485265,1.3343680461891987,1.253954647456041,Normal Person
ECG Dataset\Normal Person\Normal(94).png,final_check_output\npz_data\extended_lead_II_data\Normal Person\Normal(94)_extended_leadII.npz,final_check_output\csv_data\extended_lead_II_csv\Normal Person\Normal(94).csv,extended_lead_II,510,success,1.7654440599769325,2.306498558788116,50,201,5.3199356016916575,1.537034626169242,0.724950884086444,1.468767653444803,1.2026792176624106,Normal Person
ECG Dataset\Normal Person\Normal(95).png,final_check_output\npz_data\extended_lead_II_data\Normal Person\Normal(95)_extended_leadII.npz,final_check_output\csv_data\extended_lead_II_csv\Normal Person\Normal(95).csv,extended_lead_II,510,success,1.6961130334486736,2.3568164574098094,59,176,5.554583813917724,1.4880004647526577,0.7328094302554028,1.674191770766159,1.974416139144843,Normal Person
ECG Dataset\Normal Person\Normal(96).png,final_check_output\npz_data\extended_lead_II_data\Normal Person\Normal(96)_extended_leadII.npz,final_check_output\csv_data\extended_lead_II_csv\Normal Person\Normal(96).csv,extended_lead_II,510,success,2.0843867743175695,2.7024966385746185,38,215,7.303488081507114,1.2760064789730259,0.6257367387033399,1.0741694350329114,2.2606769083970315,Normal Person
ECG Dataset\Normal Person\Normal(97).png,final_check_output\npz_data\extended_lead_II_data\Normal Person\Normal(97)_extended_leadII.npz,final_check_output\csv_data\extended_lead_II_csv\Normal Person\Normal(97).csv,extended_lead_II,510,success,1.305778546712802,1.850896527262622,71,204,3.425817954632834,1.6380483379814683,0.7082514734774067,2.064587184484731,4.726419479613579,Normal Person
ECG Dataset\Normal Person\Normal(98).png,final_check_output\npz_data\extended_lead_II_data\Normal Person\Normal(98)_extended_leadII.npz,final_check_output\csv_data\extended_lead_II_csv\Normal Person\Normal(98).csv,extended_lead_II,510,success,0.948635140330642,1.4254713163245252,74,237,2.0319684736639756,1.1604991812600751,0.5245579567779961,2.141457669550064,6.018428354518258,Normal Person
ECG Dataset\Normal Person\Normal(99).png,final_check_output\npz_data\extended_lead_II_data\Normal Person\Normal(99)_extended_leadII.npz,final_check_output\csv_data\extended_lead_II_csv\Normal Person\Normal(99).csv,extended_lead_II,510,success,1.7376470588235309,2.6971662689483833,52,177,7.274705882352942,2.1065665880251423,0.8575638506876228,2.7105046273754754,7.901016543523699,Normal Person
